date,ID,time_rel_sunrise,UST,Phase,index
2022-05-13,LbOW,-1161.592741,10,DC,6085
2022-05-13,LbOW,-1148.784429,10,DC,6086
2022-05-13,LbOW,-1140.45029,3,DC,6087
2022-05-13,LbOW,-1130.58245,8,DC,6088
2022-05-13,LbOW,-1122.382114,9,DC,6089
2022-05-13,LbOW,-1108.297652,13,DC,6090
2022-05-13,LbOW,-1101.513532,29,DC,6091
2022-05-13,LbOW,-1094.395915,10,DC,6092
2022-05-13,LbOW,-1088.461525,5,DC,6093
2022-05-13,LbOW,-1082.097696,16,DC,6094
2022-05-13,LbOW,-1077.08612,13,DC,6095
2022-05-13,LbOW,-1069.768336,10,DC,6096
2022-05-13,LbOW,-1062.325965,21,DC,6097
2022-05-13,LbOW,-1055.249023,5,DC,6098
2022-05-13,LbOW,-1049.533913,8,DC,6099
2022-05-13,LbOW,-1041.397552,10,DC,6100
2022-05-13,LbOW,-1033.014474,13,DC,6101
2022-05-13,LbOW,-1025.663856,9,DC,6102
2022-05-13,LbOW,-1017.024932,3,DC,6103
2022-05-13,LbOW,-1007.536287,8,DC,6104
2022-05-13,LbOW,-997.2207587,29,DC,6105
2022-05-13,LbOW,-990.986757,10,DC,6106
2022-05-13,LbOW,-981.5464354,9,DC,6107
2022-05-13,LbOW,-974.0085103,3,DC,6108
2022-05-13,LbOW,-965.6482742,3,DC,6109
2022-05-13,LbOW,-957.1692453,8,DC,6110
2022-05-13,LbOW,-949.3083601,9,DC,6111
2022-05-13,LbOW,-940.7548487,8,DC,6112
2022-05-13,LbOW,-931.9469039,8,DC,6113
2022-05-13,LbOW,-922.2115558,9,DC,6114
2022-05-13,LbOW,-911.1148168,10,DC,6115
2022-05-13,LbOW,-900.7627333,13,DC,6116
2022-05-13,LbOW,-890.913184,13,DC,6117
2022-05-13,LbOW,-882.5986287,5,DC,6118
2022-05-13,LbOW,-873.489156,29,DC,6119
2022-05-13,LbOW,-864.7314612,10,DC,6120
2022-05-13,LbOW,-854.6808936,10,DC,6121
2022-05-13,LbOW,-846.3617715,10,DC,6122
2022-05-13,LbOW,-836.9279409,29,DC,6123
2022-05-13,LbOW,-828.2935889,21,DC,6124
2022-05-13,LbOW,-819.9516239,8,DC,6125
2022-05-13,LbOW,-811.5593971,5,DC,6126
2022-05-13,LbOW,-803.4778301,9,DC,6127
2022-05-13,LbOW,-793.7333492,5,DC,6128
2022-05-13,LbOW,-783.5704512,13,DC,6129
2022-05-13,LbOW,-776.4555139,29,DC,6130
2022-05-13,LbOW,-767.309502,9,DC,6131
2022-05-13,LbOW,-755.4176451,9,DC,6132
2022-05-13,LbOW,-746.1759039,9,DC,6133
2022-05-13,LbOW,-738.4049864,8,DC,6134
2022-05-13,LbOW,-685.6167302,8,DC,6135
2022-05-13,LbOW,-678.3940359,3,DC,6136
2022-05-13,LbOW,-670.3832662,9,DC,6137
2022-05-13,LbOW,-664.3621165,3,DC,6138
2022-05-13,LbOW,-655.8258607,3,DC,6139
2022-05-13,LbOW,-619.2581918,9,DC,6140
2022-05-13,LbOW,-609.4120562,13,DC,6141
2022-05-13,LbOW,-499.7155099,13,DC,6144
2022-05-13,LbOW,-473.6981947,8,DC,6145
2022-05-13,LbOW,-460.4666415,9,DC,6146
2022-05-13,LbOW,-452.4036641,3,DC,6147
2022-05-13,LbOW,-445.2516482,NA,DC,6148
2022-05-13,LbOW,-437.9833387,9,DC,6149
2022-05-13,LbOW,-430.4889038,29,DC,6150
2022-05-13,LbOW,-424.1315591,21,DC,6151
2022-05-13,LbOW,-415.8036934,10,DC,6152
2022-05-13,LbOW,-407.2820041,29,DC,6153
2022-05-13,LbOW,-399.9749619,13,DC,6154
2022-05-13,LbOW,-390.6973374,29,DC,6155
2022-05-13,LbOW,-376.2834738,21,DC,6156
2022-05-13,LbOW,-368.0674908,3,DC,6157
2022-05-13,LbOW,-353.6228384,9,DC,6158
2022-05-13,LbOW,-342.8621773,8,DC,6159
2022-05-13,LbOW,-330.6126504,3,DC,6160
2022-05-13,LbOW,-321.1347749,9,DC,6161
2022-05-13,LbOW,-229.6897598,20,DC,6163
2022-05-13,LbOW,-212.4202581,20,DC,6164
2022-05-13,LbOW,-163.6224511,20,DC,6165
2022-05-13,LbOW,-140.3121775,20,DC,6166
2022-05-13,LbOW,-106.5872245,20,DC,6167
2022-05-14,LbOW,-2276.862392,NA,DC,6174
2022-05-14,LbOW,-2173.027082,NA,DC,6175
2022-05-14,LbOW,-2149.625225,10,DC,6176
2022-05-14,LbOW,-2132.075788,10,DC,6177
2022-05-14,LbOW,-2121.061665,21,DC,6178
2022-05-14,LbOW,-2112.010362,8,DC,6179
2022-05-14,LbOW,-2099.930074,9,DC,6180
2022-05-14,LbOW,-2076.344935,13,DC,6181
2022-05-14,LbOW,-2063.171706,29,DC,6182
2022-05-14,LbOW,-2048.860922,29,DC,6183
2022-05-14,LbOW,-2038.618545,8,DC,6184
2022-05-14,LbOW,-2027.443837,9,DC,6185
2022-05-14,LbOW,-2019.26688,10,DC,6186
2022-05-14,LbOW,-2005.607383,120,DC,6187
2022-05-14,LbOW,-1998.83116,9,DC,6188
2022-05-14,LbOW,-1988.731521,120,DC,6189
2022-05-14,LbOW,-1977.77983,17,DC,6190
2022-05-14,LbOW,-1967.55974,13,DC,6191
2022-05-14,LbOW,-1955.077941,10,DC,6192
2022-05-14,LbOW,-1946.169382,9,DC,6193
2022-05-14,LbOW,-1938.866769,17,DC,6194
2022-05-14,LbOW,-1929.003562,21,DC,6195
2022-05-14,LbOW,-1917.793134,17,DC,6196
2022-05-14,LbOW,-1909.339588,29,DC,6197
2022-05-14,LbOW,-1903.143298,13,DC,6198
2022-05-14,LbOW,-1895.581953,10,DC,6199
2022-05-14,LbOW,-1890.170792,21,DC,6200
2022-05-14,LbOW,-1882.988626,9,DC,6201
2022-05-14,LbOW,-1876.564823,3,DC,6202
2022-05-14,LbOW,-1869.810911,8,DC,6203
2022-05-14,LbOW,-1862.713502,9,DC,6204
2022-05-14,LbOW,-1855.245833,3,DC,6205
2022-05-14,LbOW,-1849.250291,9,DC,6206
2022-05-14,LbOW,-1841.599724,10,DC,6207
2022-05-14,LbOW,-1836.844338,5,DC,6208
2022-05-14,LbOW,-1830.059208,13,DC,6209
2022-05-14,LbOW,-1819.674093,10,DC,6210
2022-05-14,LbOW,-1812.862201,29,DC,6211
2022-05-14,LbOW,-1807.446627,21,DC,6212
2022-05-14,LbOW,-1802.4637,10,DC,6213
2022-05-14,LbOW,-1796.628759,13,DC,6214
2022-05-14,LbOW,-1791.373779,21,DC,6215
2022-05-14,LbOW,-1785.859993,17,DC,6216
2022-05-14,LbOW,-1775.354432,8,DC,6217
2022-05-14,LbOW,-1770.019156,3,DC,6218
2022-05-14,LbOW,-1762.16783,10,DC,6219
2022-05-14,LbOW,-1756.966381,9,DC,6220
2022-05-14,LbOW,-1751.729175,8,DC,6221
2022-05-14,LbOW,-1742.089035,3,DC,6222
2022-05-14,LbOW,-1734.683837,5,DC,6223
2022-05-14,LbOW,-1726.779008,8,DC,6224
2022-05-14,LbOW,-1719.993885,9,DC,6225
2022-05-14,LbOW,-1713.275677,29,DC,6226
2022-05-14,LbOW,-1708.069768,21,DC,6227
2022-05-14,LbOW,-1701.543344,17,DC,6228
2022-05-14,LbOW,-1695.364951,9,DC,6229
2022-05-14,LbOW,-1689.842245,8,DC,6230
2022-05-14,LbOW,-1683.721844,10,DC,6231
2022-05-14,LbOW,-1677.311401,120,DC,6232
2022-05-14,LbOW,-1669.651927,120,DC,6233
2022-05-14,LbOW,-1661.650751,9,DC,6234
2022-05-14,LbOW,-1654.457891,13,DC,6235
2022-05-14,LbOW,-1646.878719,10,DC,6236
2022-05-14,LbOW,-1640.660178,29,DC,6237
2022-05-14,LbOW,-1634.383559,8,DC,6238
2022-05-14,LbOW,-1628.401945,9,DC,6239
2022-05-14,LbOW,-1622.19621,5,DC,6240
2022-05-14,LbOW,-1616.490641,13,DC,6241
2022-05-14,LbOW,-1610.709231,3,DC,6242
2022-05-14,LbOW,-1605.588079,9,DC,6243
2022-05-14,LbOW,-1599.788799,8,DC,6244
2022-05-14,LbOW,-1592.780624,3,DC,6245
2022-05-14,LbOW,-1586.945723,10,DC,6246
2022-05-14,LbOW,-1580.276562,21,DC,6247
2022-05-14,LbOW,-1574.205182,9,DC,6248
2022-05-14,LbOW,-1567.328708,13,DC,6249
2022-05-14,LbOW,-1561.281773,29,DC,6250
2022-05-14,LbOW,-1556.435125,13,DC,6251
2022-05-14,LbOW,-1548.086243,10,DC,6252
2022-05-14,LbOW,-1540.243868,9,DC,6253
2022-05-14,LbOW,-1533.771053,8,DC,6254
2022-05-14,LbOW,-1527.949457,3,DC,6255
2022-05-14,LbOW,-1521.521251,9,DC,6256
2022-05-14,LbOW,-1514.646866,8,DC,6257
2022-05-14,LbOW,-1507.852824,10,DC,6258
2022-05-14,LbOW,-1501.35766,3,DC,6259
2022-05-14,LbOW,-1494.835775,21,DC,6260
2022-05-14,LbOW,-1488.898193,17,DC,6261
2022-05-14,LbOW,-1481.988164,13,DC,6262
2022-05-14,LbOW,-1476.626122,5,DC,6263
2022-05-14,LbOW,-1470.233526,10,DC,6264
2022-05-14,LbOW,-1463.461787,29,DC,6265
2022-05-14,LbOW,-1455.026107,9,DC,6266
2022-05-14,LbOW,-1448.316813,8,DC,6267
2022-05-14,LbOW,-1440.568124,3,DC,6268
2022-05-14,LbOW,-1435.304193,9,DC,6269
2022-05-14,LbOW,-1429.451407,8,DC,6270
2022-05-14,LbOW,-1423.366693,3,DC,6271
2022-05-14,LbOW,-1416.648446,10,DC,6272
2022-05-14,LbOW,-1409.849946,3,DC,6273
2022-05-14,LbOW,-1403.104966,9,DC,6274
2022-05-14,LbOW,-1397.519877,8,DC,6275
2022-05-14,LbOW,-1391.9258,5,DC,6276
2022-05-14,LbOW,-1386.523609,5,DC,6277
2022-05-14,LbOW,-1379.725062,5,DC,6278
2022-05-14,LbOW,-1373.716185,17,DC,6279
2022-05-14,LbOW,-1366.596454,9,DC,6280
2022-05-14,LbOW,-1360.886459,29,DC,6281
2022-05-14,LbOW,-1354.96226,10,DC,6282
2022-05-14,LbOW,-1349.600218,21,DC,6283
2022-05-14,LbOW,-1341.606138,13,DC,6284
2022-05-14,LbOW,-1335.097592,8,DC,6285
2022-05-14,LbOW,-1327.803921,9,DC,6286
2022-05-14,LbOW,-1321.652294,8,DC,6287
2022-05-14,LbOW,-1313.319175,3,DC,6288
2022-05-14,LbOW,-1305.731081,3,DC,6289
2022-05-14,LbOW,-1300.007703,9,DC,6290
2022-05-14,LbOW,-1293.499123,10,DC,6291
2022-05-14,LbOW,-1278.760106,13,DC,6292
2022-05-14,LbOW,-1271.457509,29,DC,6293
2022-05-14,LbOW,-1266.389889,9,DC,6294
2022-05-14,LbOW,-1260.9564,8,DC,6295
2022-05-14,LbOW,-1254.612686,10,DC,6296
2022-05-14,LbOW,-1248.349727,9,DC,6297
2022-05-14,LbOW,-1240.485045,8,DC,6298
2022-05-14,LbOW,-1233.695459,3,DC,6299
2022-05-14,LbOW,-1227.436793,13,DC,6300
2022-05-14,LbOW,-1221.17804,29,DC,6301
2022-05-14,LbOW,-1214.336277,21,DC,6302
2022-05-14,LbOW,-1208.651655,10,DC,6303
2022-05-14,LbOW,-1201.723749,13,DC,6304
2022-05-14,LbOW,-1194.639747,29,DC,6305
2022-05-14,LbOW,-1187.475441,10,DC,6306
2022-05-14,LbOW,-1180.770863,21,DC,6307
2022-05-14,LbOW,-1174.369113,9,DC,6308
2022-05-14,LbOW,-1166.986203,8,DC,6309
2022-05-14,LbOW,-1156.7215,5,DC,6310
2022-05-14,LbOW,-1148.45532,5,DC,6311
2022-05-14,LbOW,-1142.459774,9,DC,6312
2022-05-14,LbOW,-1133.22556,3,DC,6313
2022-05-14,LbOW,-1121.48874,9,DC,6314
2022-05-14,LbOW,-1113.798026,3,DC,6315
2022-05-14,LbOW,-1106.303588,8,DC,6316
2022-05-14,LbOW,-1097.252275,3,DC,6317
2022-05-14,LbOW,-1089.512488,10,DC,6318
2022-05-14,LbOW,-1082.424003,9,DC,6319
2022-05-14,LbOW,-1074.407638,21,DC,6320
2022-05-14,LbOW,-1067.176397,29,DC,6321
2022-05-14,LbOW,-1061.033692,8,DC,6322
2022-05-14,LbOW,-1054.083445,29,DC,6323
2022-05-14,LbOW,-1045.433616,13,DC,6324
2022-05-14,LbOW,-1035.690856,29,DC,6325
2022-05-14,LbOW,-1026.676411,3,DC,6326
2022-05-14,LbOW,-1017.811279,9,DC,6327
2022-05-14,LbOW,-1012.136918,8,DC,6328
2022-05-14,LbOW,-999.3696165,9,DC,6329
2022-05-14,LbOW,-992.2632837,10,DC,6330
2022-05-14,LbOW,-984.6662467,10,DC,6331
2022-05-14,LbOW,-976.0788808,5,DC,6332
2022-05-14,LbOW,-966.4610214,8,DC,6333
2022-05-14,LbOW,-957.9271781,3,DC,6334
2022-05-14,LbOW,-948.1799547,3,DC,6335
2022-05-14,LbOW,-939.8423949,10,DC,6336
2022-05-14,LbOW,-924.6438684,17,DC,6337
2022-05-14,LbOW,-914.9278661,9,DC,6338
2022-05-14,LbOW,-906.5546196,13,DC,6339
2022-05-14,LbOW,-896.294381,9,DC,6340
2022-05-14,LbOW,-887.2252241,120,DC,6341
2022-05-14,LbOW,-878.3568109,8,DC,6342
2022-05-14,LbOW,-866.0891405,117,DC,6343
2022-05-16,LbOW,-2193.32999,NA,DC,6352
2022-05-16,LbOW,-2187.439109,20,DC,6353
2022-05-16,LbOW,-2143.449299,3,DC,6354
2022-05-16,LbOW,-2129.051623,NA,DC,6355
2022-05-16,LbOW,-2073.280086,13,DC,6356
2022-05-17,LbOW,-2372.678921,3,DC,6366
2022-05-17,LbOW,-2296.973841,9,DC,6367
2022-05-17,LbOW,-2243.543922,3,DC,6368
2022-05-17,LbOW,-2221.311154,29,DC,6369
2022-05-17,LbOW,-2199.348671,8,DC,6370
2022-05-17,LbOW,-2192.198002,29,DC,6371
2022-05-17,LbOW,-2185.877601,NA,DC,6372
2022-05-17,LbOW,-2177.234413,3,DC,6373
2022-05-17,LbOW,-2168.615221,5,DC,6374
2022-05-17,LbOW,-2157.923417,9,DC,6375
2022-05-17,LbOW,-2147.547151,17,DC,6376
2022-05-17,LbOW,-2141.101313,21,DC,6377
2022-05-17,LbOW,-2134.901512,10,DC,6378
2022-05-17,LbOW,-2127.405304,29,DC,6379
2022-05-17,LbOW,-2119.889914,115,DC,6380
2022-05-17,LbOW,-2114.51972,13,DC,6381
2022-05-17,LbOW,-2108.000671,29,DC,6382
2022-05-17,LbOW,-2097.017389,8,DC,6383
2022-05-17,LbOW,-2088.23047,29,DC,6384
2022-05-17,LbOW,-2081.05077,9,DC,6385
2022-05-17,LbOW,-2073.269905,8,DC,6386
2022-05-17,LbOW,-2065.866438,3,DC,6387
2022-05-17,LbOW,-2060.333022,116,DC,6388
2022-05-17,LbOW,-2054.367779,29,DC,6389
2022-05-17,LbOW,-2046.905127,10,DC,6390
2022-05-17,LbOW,-2039.845643,8,DC,6391
2022-05-17,LbOW,-2034.331512,3,DC,6392
2022-05-17,LbOW,-2022.914443,21,DC,6393
2022-05-17,LbOW,-2018.014593,5,DC,6394
2022-05-17,LbOW,-2010.52798,9,DC,6395
2022-05-17,LbOW,-2002.552665,8,DC,6396
2022-05-17,LbOW,-1997.513469,29,DC,6397
2022-05-17,LbOW,-1992.59866,10,DC,6398
2022-05-17,LbOW,-1984.320314,9,DC,6399
2022-05-17,LbOW,-1975.197211,17,DC,6400
2022-05-17,LbOW,-1967.384253,13,DC,6401
2022-05-17,LbOW,-1953.179009,29,DC,6402
2022-05-17,LbOW,-1945.255671,9,DC,6403
2022-05-17,LbOW,-1938.474549,13,DC,6404
2022-05-17,LbOW,-1934.510487,21,DC,6405
2022-05-17,LbOW,-1928.348483,5,DC,6406
2022-05-17,LbOW,-1923.261371,3,DC,6407
2022-05-17,LbOW,-1917.85282,10,DC,6408
2022-05-17,LbOW,-1909.257688,5,DC,6409
2022-05-17,LbOW,-1903.354862,29,DC,6410
2022-05-17,LbOW,-1898.123877,13,DC,6411
2022-05-17,LbOW,-1891.673895,10,DC,6412
2022-05-17,LbOW,-1885.699054,9,DC,6413
2022-05-17,LbOW,-1880.160901,8,DC,6414
2022-05-17,LbOW,-1875.150673,3,DC,6415
2022-05-17,LbOW,-1869.295826,9,DC,6416
2022-05-17,LbOW,-1861.612487,9,DC,6417
2022-05-17,LbOW,-1854.615445,3,DC,6418
2022-05-17,LbOW,-1848.616571,8,DC,6419
2022-05-17,LbOW,-1842.891282,17,DC,6420
2022-05-17,LbOW,-1835.025608,17,DC,6421
2022-05-17,LbOW,-1829.885786,3,DC,6422
2022-05-17,LbOW,-1824.96674,5,DC,6423
2022-05-17,LbOW,-1820.268451,116,DC,6424
2022-05-17,LbOW,-1816.544374,10,DC,6425
2022-05-17,LbOW,-1808.645064,5,DC,6426
2022-05-17,LbOW,-1799.36844,13,DC,6427
2022-05-17,LbOW,-1785.993409,10,DC,6428
2022-05-17,LbOW,-1780.090507,21,DC,6429
2022-05-17,LbOW,-1773.237437,29,DC,6430
2022-05-17,LbOW,-1768.953426,NA,DC,6431
2022-05-17,LbOW,-1764.575012,9,DC,6432
2022-05-17,LbOW,-1760.011065,8,DC,6433
2022-05-17,LbOW,-1753.628303,5,DC,6434
2022-05-17,LbOW,-1745.767312,17,DC,6435
2022-05-17,LbOW,-1740.805075,21,DC,6436
2022-05-17,LbOW,-1733.999971,9,DC,6437
2022-05-17,LbOW,-1728.245888,8,DC,6438
2022-05-17,LbOW,-1723.043614,118,DC,6439
2022-05-17,LbOW,-1718.720982,13,DC,6440
2022-05-17,LbOW,-1713.023138,10,DC,6441
2022-05-17,LbOW,-1706.501197,29,DC,6442
2022-05-17,LbOW,-1701.615738,13,DC,6443
2022-05-17,LbOW,-1695.017018,9,DC,6444
2022-05-17,LbOW,-1691.076966,NA,DC,6445
2022-05-17,LbOW,-1686.042712,5,DC,6446
2022-05-17,LbOW,-1681.603573,17,DC,6447
2022-05-17,LbOW,-1676.372565,21,DC,6448
2022-05-17,LbOW,-1672.254963,3,DC,6449
2022-05-17,LbOW,-1666.755213,8,DC,6450
2022-05-17,LbOW,-1660.401245,9,DC,6451
2022-05-17,LbOW,-1653.548175,10,DC,6452
2022-05-17,LbOW,-1647.22778,29,DC,6453
2022-05-17,LbOW,-1640.893009,3,DC,6454
2022-05-17,LbOW,-1634.039938,9,DC,6455
2022-05-17,LbOW,-1629.476007,8,DC,6456
2022-05-17,LbOW,-1623.933045,17,DC,6457
2022-05-17,LbOW,-1617.895816,5,DC,6458
2022-05-17,LbOW,-1612.530433,13,DC,6459
2022-05-17,LbOW,-1607.697771,29,DC,6460
2022-05-17,LbOW,-1601.734056,NA,DC,6461
2022-05-17,LbOW,-1597.95082,21,DC,6462
2022-05-17,LbOW,-1593.338914,5,DC,6463
2022-05-17,LbOW,-1587.915946,29,DC,6464
2022-05-17,LbOW,-1582.867325,9,DC,6465
2022-05-17,LbOW,-1576.686103,17,DC,6466
2022-05-17,LbOW,-1569.90501,3,DC,6467
2022-05-17,LbOW,-1563.272603,3,DC,6468
2022-05-17,LbOW,-1557.878449,8,DC,6469
2022-05-17,LbOW,-1552.49862,3,DC,6470
2022-05-17,LbOW,-1547.262836,10,DC,6471
2022-05-17,LbOW,-1542.094218,9,DC,6472
2022-05-17,LbOW,-1536.973612,8,DC,6473
2022-05-17,LbOW,-1531.435464,9,DC,6474
2022-05-17,LbOW,-1525.388637,17,DC,6475
2022-05-17,LbOW,-1518.636347,10,DC,6476
2022-05-17,LbOW,-1511.615317,13,DC,6477
2022-05-17,LbOW,-1505.688453,29,DC,6478
2022-05-17,LbOW,-1500.585651,21,DC,6479
2022-05-17,LbOW,-1495.787894,29,DC,6480
2022-05-17,LbOW,-1490.945634,21,DC,6481
2022-05-17,LbOW,-1485.700243,13,DC,6482
2022-05-17,LbOW,-1475.625225,5,DC,6483
2022-05-17,LbOW,-1471.494889,8,DC,6484
2022-05-17,LbOW,-1463.705986,3,DC,6485
2022-05-17,LbOW,-1457.721515,10,DC,6486
2022-05-17,LbOW,-1450.215715,13,DC,6487
2022-05-17,LbOW,-1442.388379,8,DC,6488
2022-05-17,LbOW,-1436.389493,3,DC,6489
2022-05-17,LbOW,-1431.254489,9,DC,6490
2022-05-17,LbOW,-1426.20105,8,DC,6491
2022-05-17,LbOW,-1417.793034,3,DC,6492
2022-05-17,LbOW,-1412.173272,9,DC,6493
2022-05-17,LbOW,-1406.495973,8,DC,6494
2022-05-17,LbOW,-1399.24458,29,DC,6495
2022-05-17,LbOW,-1392.780204,21,DC,6496
2022-05-17,LbOW,-1386.934938,3,DC,6497
2022-05-17,LbOW,-1381.564687,8,DC,6498
2022-05-17,LbOW,-1372.436858,3,DC,6499
2022-05-17,LbOW,-1366.20762,3,DC,6500
2022-05-17,LbOW,-1360.098405,10,DC,6501
2022-05-17,LbOW,-1354.377882,13,DC,6502
2022-05-17,LbOW,-1347.827096,29,DC,6503
2022-05-17,LbOW,-1336.652357,21,DC,6504
2022-05-17,LbOW,-1330.821488,9,DC,6505
2022-05-17,LbOW,-1323.699635,5,DC,6506
2022-05-17,LbOW,-1317.321672,17,DC,6507
2022-05-17,LbOW,-1312.709751,8,DC,6508
2022-05-17,LbOW,-1305.539881,9,DC,6509
2022-05-17,LbOW,-1299.541013,3,DC,6510
2022-05-17,LbOW,-1293.17738,9,DC,6511
2022-05-17,LbOW,-1283.492858,8,DC,6512
2022-05-17,LbOW,-1276.970861,3,DC,6513
2022-05-17,LbOW,-1270.784809,8,DC,6514
2022-05-17,LbOW,-1265.256239,9,DC,6515
2022-05-17,LbOW,-1259.948433,10,DC,6516
2022-05-17,LbOW,-1253.186496,3,DC,6517
2022-05-17,LbOW,-1247.091678,8,DC,6518
2022-05-17,LbOW,-1240.488071,3,DC,6519
2022-05-17,LbOW,-1234.590015,9,DC,6520
2022-05-17,LbOW,-1229.267824,29,DC,6521
2022-05-17,LbOW,-1217.699545,10,DC,6522
2022-05-17,LbOW,-1212.002996,21,DC,6523
2022-05-17,LbOW,-1206.901586,29,DC,6524
2022-05-17,LbOW,-1200.662777,10,DC,6525
2022-05-17,LbOW,-1194.572758,13,DC,6526
2022-05-17,LbOW,-1189.360942,29,DC,6527
2022-05-17,LbOW,-1184.303861,21,DC,6528
2022-05-17,LbOW,-1178.900403,10,DC,6529
2022-05-17,LbOW,-1172.645671,9,DC,6530
2022-05-17,LbOW,-1166.833945,10,DC,6531
2022-05-17,LbOW,-1161.439792,5,DC,6532
2022-05-17,LbOW,-1155.757613,8,DC,6533
2022-05-17,LbOW,-1149.422789,NA,DC,6534
2022-05-17,LbOW,-1144.162985,16,DC,6535
2022-05-17,LbOW,-1139.987764,5,DC,6536
2022-05-17,LbOW,-1134.502453,9,DC,6537
2022-05-17,LbOW,-1126.876732,3,DC,6538
2022-05-17,LbOW,-1119.169429,3,DC,6539
2022-05-17,LbOW,-1111.677973,8,DC,6540
2022-05-17,LbOW,-1105.55916,9,DC,6541
2022-05-17,LbOW,-1099.728214,8,DC,6542
2022-05-17,LbOW,-1093.139092,3,DC,6543
2022-05-17,LbOW,-1084.750316,13,DC,6544
2022-05-17,LbOW,-1077.868451,29,DC,6545
2022-05-17,LbOW,-1071.739988,10,DC,6546
2022-05-17,LbOW,-1064.786037,13,DC,6547
2022-05-17,LbOW,-1058.628832,21,DC,6548
2022-05-17,LbOW,-1053.402646,29,DC,6549
2022-05-17,LbOW,-1047.379793,13,DC,6550
2022-05-17,LbOW,-1042.148808,5,DC,6551
2022-05-17,LbOW,-1036.994608,9,DC,6552
2022-05-17,LbOW,-1031.427677,5,DC,6553
2022-05-17,LbOW,-1024.636994,17,DC,6554
2022-05-17,LbOW,-1016.819269,10,DC,6555
2022-05-17,LbOW,-984.7853629,117,DC,6557
2022-05-17,LbOW,-974.7937011,29,DC,6558
2022-05-17,LbOW,-969.0539952,10,DC,6559
2022-05-17,LbOW,-962.2392819,29,DC,6560
2022-05-17,LbOW,-957.2242547,21,DC,6561
2022-05-17,LbOW,-950.5391188,8,DC,6562
2022-05-17,LbOW,-940.1779237,3,DC,6563
2022-05-17,LbOW,-934.3230451,9,DC,6564
2022-05-17,LbOW,-928.7464959,3,DC,6565
2022-05-17,LbOW,-922.6948697,9,DC,6566
2022-05-17,LbOW,-914.8579397,29,DC,6567
2022-05-17,LbOW,-908.9982763,8,DC,6568
2022-05-17,LbOW,-902.9226155,10,DC,6569
2022-05-17,LbOW,-896.914181,17,DC,6570
2022-05-17,LbOW,-890.4833999,5,DC,6571
2022-05-17,LbOW,-882.7952686,13,DC,6572
2022-05-17,LbOW,-875.1351064,21,DC,6573
2022-05-17,LbOW,-868.3836642,10,DC,6574
2022-05-17,LbOW,-861.3290219,9,DC,6575
2022-05-17,LbOW,-854.3031764,29,DC,6576
2022-05-17,LbOW,-846.2695173,8,DC,6577
2022-05-17,LbOW,-838.4710242,21,DC,6578
2022-05-17,LbOW,-831.2004204,29,DC,6579
2022-05-17,LbOW,-823.2147678,10,DC,6580
2022-05-17,LbOW,-815.3682807,13,DC,6581
2022-05-17,LbOW,-809.4168749,21,DC,6582
2022-05-17,LbOW,-803.2554153,9,DC,6583
2022-05-17,LbOW,-795.4521282,17,DC,6584
2022-05-17,LbOW,-787.7064308,8,DC,6585
2022-05-17,LbOW,-779.8071648,3,DC,6586
2022-05-17,LbOW,-772.6325566,29,DC,6587
2022-05-17,LbOW,-758.0769575,5,DC,6588
2022-05-17,LbOW,-750.1200912,9,DC,6589
2022-05-17,LbOW,-741.664123,8,DC,6590
2022-05-17,LbOW,-730.3527173,8,DC,6591
2022-05-17,LbOW,-722.9669257,9,DC,6592
2022-05-17,LbOW,-714.6357094,5,DC,6593
2022-05-17,LbOW,-706.7892247,117,DC,6594
2022-05-17,LbOW,-631.4341834,117,DC,6595
2022-05-17,LbOW,-594.6492363,117,DC,6597
2022-05-17,LbOW,-550.3155658,14,PDC,6598
2022-05-17,LbOW,-536.0766969,14,PDC,6599
2022-05-17,LbOW,-519.5246762,14,PDC,6600
2022-05-17,LbOW,-506.9511152,14,PDC,6601
2022-05-17,LbOW,-481.9191301,14,PDC,6602
2022-05-17,LbOW,-462.9531908,14,PDC,6603
2022-05-17,LbOW,-439.6104837,14,PDC,6604
2022-05-17,LbOW,-426.3170826,13,PDC,6605
2022-05-17,LbOW,-416.4837784,14,PDC,6606
2022-05-17,LbOW,-353.4192475,14,PDC,6607
2022-05-17,LbOW,-297.332407,13,PDC,6609
2022-05-17,LbOW,-283.5830584,13,PDC,6610
2022-05-17,LbOW,-271.6910073,13,PDC,6611
2022-05-17,LbOW,-250.3591019,29,PDC,6612
2022-05-17,LbOW,-192.5543028,14,PDC,6613
2022-05-17,LbOW,-171.2368314,14,PDC,6614
2022-05-17,LbOW,-154.5264562,29,PDC,6615
2022-05-17,LbOW,-142.6631466,29,PDC,6616
2022-05-17,LbOW,-127.0950224,13,PDC,6617
2022-05-17,LbOW,-114.8190038,29,PDC,6618
2022-05-17,LbOW,-104.7505343,9,PDC,6619
2022-05-17,LbOW,-92.42652491,9,PDC,6620
2022-05-17,LbOW,-78.01491727,9,PDC,6621
2022-05-17,LbOW,-65.64291719,8,PDC,6622
2022-05-17,LbOW,-52.38308949,13,PDC,6623
2022-05-17,LbOW,-39.79993206,29,PDC,6624
2022-05-17,LbOW,-30.18737762,13,PDC,6625
2022-05-17,LbOW,-14.81596113,29,PDC,6626
2022-05-17,LbOW,23.54295235,14,PDC,6627
2022-05-18,LbOW,-2219.233333,3,DC,6633
2022-05-18,LbOW,-2148.772064,29,DC,6634
2022-05-18,LbOW,-2095.002139,29,DC,6635
2022-05-18,LbOW,-2066.10088,3,DC,6636
2022-05-18,LbOW,-2037.652718,10,DC,6637
2022-05-18,LbOW,-2023.258569,116,DC,6638
2022-05-18,LbOW,-2005.669111,9,DC,6639
2022-05-18,LbOW,-1995.663795,21,DC,6640
2022-05-18,LbOW,-1988.64268,29,DC,6641
2022-05-18,LbOW,-1979.676334,13,DC,6642
2022-05-18,LbOW,-1972.119729,5,DC,6643
2022-05-18,LbOW,-1963.492104,29,DC,6644
2022-05-18,LbOW,-1952.447829,10,DC,6645
2022-05-18,LbOW,-1942.273187,3,DC,6646
2022-05-18,LbOW,-1934.638768,17,DC,6647
2022-05-18,LbOW,-1924.807386,9,DC,6648
2022-05-18,LbOW,-1917.310278,8,DC,6649
2022-05-18,LbOW,-1910.325792,29,DC,6650
2022-05-18,LbOW,-1902.805798,21,DC,6651
2022-05-18,LbOW,-1894.008825,9,DC,6652
2022-05-18,LbOW,-1886.589525,3,DC,6653
2022-05-18,LbOW,-1879.307534,10,DC,6654
2022-05-18,LbOW,-1873.352878,8,DC,6655
2022-05-18,LbOW,-1865.951887,5,DC,6656
2022-05-18,LbOW,-1859.48458,17,DC,6657
2022-05-18,LbOW,-1852.632814,21,DC,6658
2022-05-18,LbOW,-1847.090083,3,DC,6659
2022-05-18,LbOW,-1839.126121,8,DC,6660
2022-05-18,LbOW,-1831.912786,10,DC,6661
2022-05-18,LbOW,-1825.66975,3,DC,6662
2022-05-18,LbOW,-1819.504545,29,DC,6663
2022-05-18,LbOW,-1814.007581,9,DC,6664
2022-05-18,LbOW,-1809.393975,8,DC,6665
2022-05-18,LbOW,-1805.082451,29,DC,6666
2022-05-18,LbOW,-1797.718012,21,DC,6667
2022-05-18,LbOW,-1790.449762,3,DC,6668
2022-05-18,LbOW,-1785.758335,10,DC,6669
2022-05-18,LbOW,-1779.927244,17,DC,6670
2022-05-18,LbOW,-1772.517098,3,DC,6671
2022-05-18,LbOW,-1766.567012,8,DC,6672
2022-05-18,LbOW,-1760.177519,9,DC,6673
2022-05-18,LbOW,-1754.282347,5,DC,6674
2022-05-18,LbOW,-1746.236,3,DC,6675
2022-05-18,LbOW,-1739.970101,21,DC,6676
2022-05-18,LbOW,-1734.335812,17,DC,6677
2022-05-18,LbOW,-1726.843318,13,DC,6678
2022-05-18,LbOW,-1721.16326,29,DC,6679
2022-05-18,LbOW,-1716.654926,10,DC,6680
2022-05-18,LbOW,-1708.608576,8,DC,6681
2022-05-18,LbOW,-1703.399962,29,DC,6682
2022-05-18,LbOW,-1697.399515,13,DC,6683
2022-05-18,LbOW,-1692.351095,9,DC,6684
2022-05-18,LbOW,-1687.353001,3,DC,6685
2022-05-18,LbOW,-1681.85146,8,DC,6686
2022-05-18,LbOW,-1676.024952,9,DC,6687
2022-05-18,LbOW,-1668.285263,3,DC,6688
2022-05-18,LbOW,-1662.760825,29,DC,6689
2022-05-18,LbOW,-1656.888543,21,DC,6690
2022-05-18,LbOW,-1650.668414,10,DC,6691
2022-05-18,LbOW,-1644.837312,8,DC,6692
2022-05-18,LbOW,-1638.708711,3,DC,6693
2022-05-18,LbOW,-1633.289555,9,DC,6694
2022-05-18,LbOW,-1626.941258,17,DC,6695
2022-05-18,LbOW,-1619.650094,3,DC,6696
2022-05-18,LbOW,-1613.732047,17,DC,6697
2022-05-18,LbOW,-1607.141163,29,DC,6698
2022-05-18,LbOW,-1600.335163,13,DC,6699
2022-05-18,LbOW,-1594.595618,29,DC,6700
2022-05-18,LbOW,-1589.483121,21,DC,6701
2022-05-18,LbOW,-1584.091416,8,DC,6702
2022-05-18,LbOW,-1577.95825,3,DC,6703
2022-05-18,LbOW,-1571.806758,10,DC,6704
2022-05-18,LbOW,-1566.707992,9,DC,6705
2022-05-18,LbOW,-1561.160681,8,DC,6706
2022-05-18,LbOW,-1553.777949,29,DC,6707
2022-05-18,LbOW,-1547.264893,10,DC,6708
2022-05-18,LbOW,-1541.145443,8,DC,6709
2022-05-18,LbOW,-1537.360273,9,DC,6710
2022-05-18,LbOW,-1533.27759,29,DC,6711
2022-05-18,LbOW,-1527.716547,5,DC,6712
2022-05-18,LbOW,-1521.848847,3,DC,6713
2022-05-18,LbOW,-1515.91705,17,DC,6714
2022-05-18,LbOW,-1511.051711,21,DC,6715
2022-05-18,LbOW,-1506.259582,8,DC,6716
2022-05-18,LbOW,-1500.034865,5,DC,6717
2022-05-18,LbOW,-1493.755235,13,DC,6718
2022-05-18,LbOW,-1487.338281,10,DC,6719
2022-05-18,LbOW,-1481.301222,3,DC,6720
2022-05-18,LbOW,-1474.678319,5,DC,6721
2022-05-18,LbOW,-1468.938756,9,DC,6722
2022-05-18,LbOW,-1463.05274,8,DC,6723
2022-05-18,LbOW,-1457.043153,3,DC,6724
2022-05-18,LbOW,-1451.335633,10,DC,6725
2022-05-18,LbOW,-1445.527423,29,DC,6726
2022-05-18,LbOW,-1440.739877,21,DC,6727
2022-05-18,LbOW,-1435.050671,10,DC,6728
2022-05-18,LbOW,-1429.30655,29,DC,6729
2022-05-18,LbOW,-1423.255759,9,DC,6730
2022-05-18,LbOW,-1417.671825,8,DC,6731
2022-05-18,LbOW,-1411.804124,17,DC,6732
2022-05-18,LbOW,-1405.204109,13,DC,6733
2022-05-18,LbOW,-1399.52864,29,DC,6734
2022-05-18,LbOW,-1393.638045,9,DC,6735
2022-05-18,LbOW,-1387.71542,3,DC,6736
2022-05-18,LbOW,-1380.941476,5,DC,6737
2022-05-18,LbOW,-1375.394162,9,DC,6738
2022-05-18,LbOW,-1369.984154,8,DC,6739
2022-05-18,LbOW,-1362.912705,29,DC,6740
2022-05-18,LbOW,-1357.461516,10,DC,6741
2022-05-18,LbOW,-1349.895705,21,DC,6742
2022-05-18,LbOW,-1343.707615,17,DC,6743
2022-05-18,LbOW,-1336.041158,21,DC,6744
2022-05-18,LbOW,-1330.333637,10,DC,6745
2022-05-18,LbOW,-1324.836672,3,DC,6746
2022-05-18,LbOW,-1318.872855,9,DC,6747
2022-05-18,LbOW,-1311.439824,3,DC,6748
2022-05-18,LbOW,-1307.210687,8,DC,6749
2022-05-18,LbOW,-1301.727454,10,DC,6750
2022-05-18,LbOW,-1295.456978,13,DC,6751
2022-05-18,LbOW,-1290.40854,29,DC,6752
2022-05-18,LbOW,-1284.659842,21,DC,6753
2022-05-18,LbOW,-1277.849281,8,DC,6754
2022-05-18,LbOW,-1270.773256,9,DC,6755
2022-05-18,LbOW,-1264.745348,3,DC,6756
2022-05-18,LbOW,-1259.005803,8,DC,6757
2022-05-18,LbOW,-1252.367777,10,DC,6758
2022-05-18,LbOW,-1245.869845,29,DC,6759
2022-05-18,LbOW,-1239.95178,21,DC,6760
2022-05-18,LbOW,-1234.885053,17,DC,6761
2022-05-18,LbOW,-1228.573384,3,DC,6762
2022-05-18,LbOW,-1223.149648,8,DC,6763
2022-05-18,LbOW,-1217.844913,9,DC,6764
2022-05-18,LbOW,-1208.672613,3,DC,6765
2022-05-18,LbOW,-1201.610319,8,DC,6766
2022-05-18,LbOW,-1195.939411,3,DC,6767
2022-05-18,LbOW,-1188.378224,10,DC,6768
2022-05-18,LbOW,-1182.775989,5,DC,6769
2022-05-18,LbOW,-1176.070699,13,DC,6770
2022-05-18,LbOW,-1169.553066,21,DC,6771
2022-05-18,LbOW,-1164.211709,8,DC,6772
2022-05-18,LbOW,-1157.799025,9,DC,6773
2022-05-18,LbOW,-1151.803451,3,DC,6774
2022-05-18,LbOW,-1145.784705,8,DC,6775
2022-05-18,LbOW,-1139.482191,9,DC,6776
2022-05-18,LbOW,-1133.843328,29,DC,6777
2022-05-18,LbOW,-1126.730686,13,DC,6778
2022-05-18,LbOW,-1120.895019,29,DC,6779
2022-05-18,LbOW,-1114.546735,10,DC,6780
2022-05-18,LbOW,-1107.987909,21,DC,6781
2022-05-18,LbOW,-1101.470267,17,DC,6782
2022-05-18,LbOW,-1094.966349,9,DC,6783
2022-05-18,LbOW,-1087.400585,8,DC,6784
2022-05-18,LbOW,-1080.319983,3,DC,6785
2022-05-18,LbOW,-1072.081402,21,DC,6786
2022-05-18,LbOW,-1066.396781,29,DC,6787
2022-05-18,LbOW,-1059.842519,8,DC,6788
2022-05-18,LbOW,-1052.977035,9,DC,6789
2022-05-18,LbOW,-1047.269578,8,DC,6790
2022-05-18,LbOW,-1041.035711,29,DC,6791
2022-05-18,LbOW,-1035.140539,10,DC,6792
2022-05-18,LbOW,-1029.231596,119,DC,6793
2022-05-18,LbOW,-1023.37305,17,DC,6794
2022-05-18,LbOW,-1017.006443,3,DC,6795
2022-05-18,LbOW,-1010.246269,29,DC,6796
2022-05-18,LbOW,-1004.026132,21,DC,6797
2022-05-18,LbOW,-997.892957,5,DC,6798
2022-05-18,LbOW,-989.498752,5,DC,6799
2022-05-18,LbOW,-981.5851373,9,DC,6800
2022-05-18,LbOW,-974.6143824,8,DC,6801
2022-05-18,LbOW,-967.5841282,13,DC,6802
2022-05-18,LbOW,-961.7438953,29,DC,6803
2022-05-18,LbOW,-955.7251463,116,DC,6804
2022-05-18,LbOW,-946.722196,9,DC,6805
2022-05-18,LbOW,-939.3257811,3,DC,6806
2022-05-18,LbOW,-933.21092,8,DC,6807
2022-05-18,LbOW,-926.1622938,3,DC,6808
2022-05-18,LbOW,-917.919071,9,DC,6809
2022-05-18,LbOW,-909.968834,3,DC,6810
2022-05-18,LbOW,-903.487817,8,DC,6811
2022-05-18,LbOW,-894.9608856,17,DC,6812
2022-05-18,LbOW,-886.8458834,3,DC,6813
2022-05-18,LbOW,-879.9208984,29,DC,6814
2022-05-18,LbOW,-873.1103381,9,DC,6815
2022-05-18,LbOW,-863.640547,8,DC,6816
2022-05-18,LbOW,-855.7131953,9,DC,6817
2022-05-18,LbOW,-847.6759994,9,DC,6818
2022-05-18,LbOW,-841.0668267,3,DC,6819
2022-05-18,LbOW,-833.2355978,3,DC,6820
2022-05-18,LbOW,-825.779682,21,DC,6821
2022-05-18,LbOW,-820.3101869,29,DC,6822
2022-05-18,LbOW,-814.1541241,17,DC,6823
2022-05-18,LbOW,-803.1830804,29,DC,6824
2022-05-18,LbOW,-795.7317416,10,DC,6825
2022-05-18,LbOW,-786.8432281,8,DC,6826
2022-05-18,LbOW,-779.6802397,13,DC,6827
2022-05-18,LbOW,-771.730009,3,DC,6828
2022-05-18,LbOW,-764.6310984,29,DC,6829
2022-05-18,LbOW,-757.6420356,8,DC,6830
2022-05-18,LbOW,-751.1518462,3,DC,6831
2022-05-18,LbOW,-742.5059043,9,DC,6832
2022-05-18,LbOW,-735.2833973,8,DC,6833
2022-05-18,LbOW,-726.1614422,3,DC,6834
2022-05-18,LbOW,-718.865721,9,DC,6835
2022-05-18,LbOW,-711.2908035,3,DC,6836
2022-05-18,LbOW,-702.7089483,9,DC,6837
2022-05-18,LbOW,-695.7107315,17,DC,6838
2022-05-18,LbOW,-688.7308243,29,DC,6839
2022-05-18,LbOW,-681.9934958,10,DC,6840
2022-05-18,LbOW,-674.4231553,21,DC,6841
2022-05-18,LbOW,-668.0473971,21,DC,6842
2022-05-18,LbOW,-661.2780297,10,DC,6843
2022-05-18,LbOW,-649.7531703,17,DC,6844
2022-05-18,LbOW,-640.8326178,17,DC,6845
2022-05-18,LbOW,-631.8708605,29,DC,6846
2022-05-18,LbOW,-624.0167467,10,DC,6847
2022-05-18,LbOW,-616.8354519,9,DC,6848
2022-05-18,LbOW,-610.0020067,8,DC,6849
2022-05-18,LbOW,-601.616962,9,DC,6850
2022-05-18,LbOW,-594.1930852,8,DC,6851
2022-05-18,LbOW,-583.7895882,9,DC,6852
2022-05-18,LbOW,-574.5257504,3,DC,6853
2022-05-18,LbOW,-565.1429117,3,DC,6854
2022-05-18,LbOW,-528.1698806,12,DC,6855
2022-05-18,LbOW,-416.9097062,12,DC,6858
2022-05-13,YKY,-1788.867951,16,DC,11694
2022-05-13,YKY,-1782.303017,5,DC,11695
2022-05-13,YKY,-1774.896355,13,DC,11696
2022-05-13,YKY,-1766.730821,10,DC,11697
2022-05-13,YKY,-1759.462025,165,DC,11698
2022-05-13,YKY,-1753.106381,17,DC,11699
2022-05-13,YKY,-1743.777994,21,DC,11700
2022-05-13,YKY,-1733.883946,166,DC,11701
2022-05-13,YKY,-1728.446123,8,DC,11702
2022-05-13,YKY,-1721.715219,3,DC,11703
2022-05-13,YKY,-1716.189335,13,DC,11704
2022-05-13,YKY,-1709.46694,21,DC,11705
2022-05-13,YKY,-1702.357379,9,DC,11706
2022-05-13,YKY,-1695.728998,21,DC,11707
2022-05-13,YKY,-1690.336309,16,DC,11708
2022-05-13,YKY,-1685.377339,5,DC,11709
2022-05-13,YKY,-1678.722719,13,DC,11710
2022-05-13,YKY,-1669.439649,10,DC,11711
2022-05-13,YKY,-1663.833237,16,DC,11712
2022-05-13,YKY,-1657.883352,5,DC,11713
2022-05-13,YKY,-1649.499371,166,DC,11714
2022-05-13,YKY,-1643.901432,16,DC,11715
2022-05-13,YKY,-1637.137942,13,DC,11716
2022-05-13,YKY,-1630.712821,21,DC,11717
2022-05-13,YKY,-1624.820083,10,DC,11718
2022-05-13,YKY,-1619.057447,165,DC,11719
2022-05-13,YKY,-1614.735748,9,DC,11720
2022-05-13,YKY,-1609.873663,8,DC,11721
2022-05-13,YKY,-1603.752845,3,DC,11722
2022-05-13,YKY,-1596.312742,166,DC,11723
2022-05-13,YKY,-1588.468937,3,DC,11724
2022-05-13,YKY,-1582.637417,17,DC,11725
2022-05-13,YKY,-1576.512163,21,DC,11726
2022-05-13,YKY,-1570.605752,16,DC,11727
2022-05-13,YKY,-1565.693683,165,DC,11728
2022-05-13,YKY,-1561.658647,13,DC,11729
2022-05-13,YKY,-1553.712003,21,DC,11730
2022-05-13,YKY,-1547.134757,20,DC,11731
2022-05-13,YKY,-1539.054235,21,DC,11732
2022-05-13,YKY,-1531.826948,16,DC,11733
2022-05-13,YKY,-1525.016856,5,DC,11734
2022-05-13,YKY,-1520.381399,16,DC,11735
2022-05-13,YKY,-1514.159154,21,DC,11736
2022-05-13,YKY,-1508.133524,13,DC,11737
2022-05-13,YKY,-1501.365369,165,DC,11738
2022-05-13,YKY,-1495.685535,10,DC,11739
2022-05-13,YKY,-1488.860571,21,DC,11740
2022-05-13,YKY,-1482.672875,10,DC,11741
2022-05-13,YKY,-1476.338301,17,DC,11742
2022-05-13,YKY,-1470.171998,166,DC,11743
2022-05-13,YKY,-1462.473113,9,DC,11744
2022-05-13,YKY,-1457.315396,166,DC,11745
2022-05-13,YKY,-1449.902612,9,DC,11746
2022-05-13,YKY,-1443.706874,8,DC,11747
2022-05-13,YKY,-1438.670281,3,DC,11748
2022-05-13,YKY,-1432.073937,21,DC,11749
2022-05-13,YKY,-1426.623325,16,DC,11750
2022-05-13,YKY,-1420.223454,166,DC,11751
2022-05-13,YKY,-1413.733496,8,DC,11752
2022-05-13,YKY,-1408.229231,19,DC,11753
2022-05-13,YKY,-1403.442227,13,DC,11754
2022-05-13,YKY,-1396.851222,21,DC,11755
2022-05-13,YKY,-1389.580137,10,DC,11756
2022-05-13,YKY,-1382.829196,21,DC,11757
2022-05-13,YKY,-1376.873629,13,DC,11758
2022-05-13,YKY,-1372.168436,165,DC,11759
2022-05-13,YKY,-1365.884914,21,DC,11760
2022-05-13,YKY,-1357.77118,21,DC,11761
2022-05-13,YKY,-1352.688243,16,DC,11762
2022-05-13,YKY,-1347.545276,5,DC,11763
2022-05-13,YKY,-1335.617274,13,DC,11764
2022-05-13,YKY,-1329.314972,166,DC,11765
2022-05-13,YKY,-1324.094523,16,DC,11766
2022-05-13,YKY,-1318.336236,166,DC,11767
2022-05-13,YKY,-1312.297902,9,DC,11768
2022-05-13,YKY,-1306.161391,3,DC,11769
2022-05-13,YKY,-1300.010257,18,DC,11770
2022-05-13,YKY,-1295.789654,166,DC,11771
2022-05-13,YKY,-1289.528823,8,DC,11772
2022-05-13,YKY,-1283.981716,3,DC,11773
2022-05-13,YKY,-1278.51725,166,DC,11774
2022-05-13,YKY,-1272.540046,9,DC,11775
2022-05-13,YKY,-1267.161128,8,DC,11776
2022-05-13,YKY,-1261.844311,166,DC,11777
2022-05-13,YKY,-1254.99637,9,DC,11778
2022-05-13,YKY,-1248.641127,3,DC,11779
2022-05-13,YKY,-1242.395299,166,DC,11780
2022-05-13,YKY,-1234.558402,21,DC,11781
2022-05-13,YKY,-1229.15487,8,DC,11782
2022-05-13,YKY,-1221.581982,9,DC,11783
2022-05-13,YKY,-1214.851514,27,DC,11784
2022-05-13,YKY,-1209.833569,19,DC,11785
2022-05-13,YKY,-1205.144284,10,DC,11786
2022-05-13,YKY,-1197.586761,21,DC,11787
2022-05-13,YKY,-1190.564292,13,DC,11788
2022-05-13,YKY,-1178.140706,16,DC,11789
2022-05-13,YKY,-1174.222098,5,DC,11790
2022-05-13,YKY,-1167.064872,165,DC,11791
2022-05-13,YKY,-1160.483508,21,DC,11792
2022-05-13,YKY,-1155.710417,13,DC,11793
2022-05-13,YKY,-1149.933904,10,DC,11794
2022-05-13,YKY,-1140.323581,166,DC,11795
2022-05-13,YKY,-1132.835928,3,DC,11796
2022-05-13,YKY,-1127.424699,8,DC,11797
2022-05-13,YKY,-1121.809214,9,DC,11798
2022-05-13,YKY,-1116.187181,3,DC,11799
2022-05-13,YKY,-1111.02381,166,DC,11800
2022-05-13,YKY,-1088.671948,35,DC,11801
2022-05-13,YKY,-1070.572681,35,DC,11802
2022-05-13,YKY,-1063.481764,NA,DC,11803
2022-05-13,YKY,-1034.510825,13,DC,11804
2022-05-13,YKY,-1026.78287,13,DC,11805
2022-05-13,YKY,-1017.828759,3,DC,11806
2022-05-13,YKY,-1008.25003,8,DC,11807
2022-05-13,YKY,-1002.523904,3,DC,11808
2022-05-13,YKY,-995.5210183,8,DC,11809
2022-05-13,YKY,-950.9915793,8,DC,11810
2022-05-13,YKY,-915.1026833,NA,DC,11811
2022-05-13,YKY,-907.5381543,16,DC,11812
2022-05-13,YKY,-895.5160183,167,DC,11813
2022-05-13,YKY,-880.6864763,35,DC,11814
2022-05-13,YKY,-863.9574883,30,DC,11815
2022-05-13,YKY,-851.9502343,167,DC,11816
2022-05-13,YKY,-835.2239743,167,DC,11817
2022-05-13,YKY,-812.5891343,22,DC,11818
2022-05-13,YKY,-802.0560913,167,DC,11819
2022-05-13,YKY,-785.5167933,167,DC,11820
2022-05-13,YKY,-770.2303833,35,DC,11821
2022-05-13,YKY,-755.0710333,35,DC,11822
2022-05-13,YKY,-735.9989293,167,DC,11823
2022-05-13,YKY,-716.0088783,30,DC,11824
2022-05-13,YKY,-702.1337113,167,DC,11825
2022-05-13,YKY,-681.8708743,35,DC,11826
2022-05-13,YKY,-666.5961693,167,DC,11827
2022-05-13,YKY,-608.3903543,35,DC,11828
2022-05-13,YKY,-578.7418343,21,DC,11829
2022-05-13,YKY,-505.7286913,35,DC,11830
2022-05-13,YKY,-466.4928143,35,DC,11831
2022-05-13,YKY,-446.8936223,167,DC,11832
2022-05-13,YKY,-350.2313413,35,DC,11833
2022-05-13,YKY,-317.8707013,35,DC,11834
2022-05-13,YKY,-295.5859643,35,DC,11835
2022-05-13,YKY,-262.5660063,35,DC,11836
2022-05-13,YKY,-228.6748243,167,DC,11837
2022-05-13,YKY,-188.5606893,35,DC,11838
2022-05-13,YKY,-145.8008123,30,DC,11839
2022-05-13,YKY,-122.6544223,167,DC,11840
2022-05-13,YKY,-97.84662527,35,DC,11841
2022-05-13,YKY,-74.04160327,167,DC,11842
2022-05-13,YKY,-49.99511527,35,DC,11843
2022-05-13,YKY,-21.16410027,30,DC,11844
2022-05-13,YKY,1.570402733,167,DC,11845
2022-05-13,YKY,15.59866973,30,DC,11846
2022-05-13,YKY,74.76059573,167,DC,11847
2022-05-13,YKY,95.09171873,35,DC,11848
2022-05-13,YKY,121.1767787,35,DC,11849
2022-05-13,YKY,188.3071417,30,DC,11850
2022-05-13,YKY,214.7852067,36,DC,11851
2022-05-13,YKY,226.1610197,167,DC,11852
2022-05-13,YKY,237.3413327,9,DC,11853
2022-05-13,YKY,256.2723817,30,DC,11854
2022-05-13,YKY,262.0407347,36,DC,11855
2022-05-13,YKY,278.3231327,167,DC,11856
2022-05-13,YKY,300.5808257,167,DC,11857
2022-05-13,YKY,318.8442947,35,DC,11858
2022-05-13,YKY,341.6076237,30,DC,11859
2022-05-13,YKY,394.2123287,30,DC,11860
2022-05-13,YKY,407.9472467,167,DC,11861
2022-05-13,YKY,448.6632127,35,DC,11862
2022-05-13,YKY,468.4721127,168,DC,11863
2022-05-13,YKY,474.8818607,167,DC,11864
2022-05-13,YKY,486.4648787,NA,DC,11865
2022-05-14,YKY,-2038.521702,18,DC,11870
2022-05-14,YKY,-2028.463093,1,DC,11871
2022-05-14,YKY,-2018.937673,17,DC,11872
2022-05-14,YKY,-2006.965646,3,DC,11873
2022-05-14,YKY,-2000.942737,1,DC,11874
2022-05-14,YKY,-1995.879996,9,DC,11875
2022-05-14,YKY,-1989.759729,8,DC,11876
2022-05-14,YKY,-1981.416832,3,DC,11877
2022-05-14,YKY,-1975.435209,17,DC,11878
2022-05-14,YKY,-1967.056883,166,DC,11879
2022-05-14,YKY,-1953.513635,10,DC,11880
2022-05-14,YKY,-1944.460421,19,DC,11881
2022-05-14,YKY,-1937.474309,27,DC,11882
2022-05-14,YKY,-1930.627769,18,DC,11883
2022-05-14,YKY,-1924.107917,19,DC,11884
2022-05-14,YKY,-1917.132379,27,DC,11885
2022-05-14,YKY,-1910.759329,169,DC,11886
2022-05-14,YKY,-1904.266136,1,DC,11887
2022-05-14,YKY,-1897.022142,27,DC,11888
2022-05-14,YKY,-1890.969782,18,DC,11889
2022-05-14,YKY,-1884.038485,1,DC,11890
2022-05-14,YKY,-1876.972714,20,DC,11891
2022-05-14,YKY,-1870.678729,166,DC,11892
2022-05-14,YKY,-1863.600242,9,DC,11893
2022-05-14,YKY,-1857.311887,3,DC,11894
2022-05-14,YKY,-1852.659616,166,DC,11895
2022-05-14,YKY,-1846.84224,9,DC,11896
2022-05-14,YKY,-1840.241663,8,DC,11897
2022-05-14,YKY,-1834.80517,5,DC,11898
2022-05-14,YKY,-1828.022716,13,DC,11899
2022-05-14,YKY,-1821.434586,10,DC,11900
2022-05-14,YKY,-1817.109214,21,DC,11901
2022-05-14,YKY,-1810.695664,16,DC,11902
2022-05-14,YKY,-1805.834228,18,DC,11903
2022-05-14,YKY,-1800.671757,21,DC,11904
2022-05-14,YKY,-1794.951013,10,DC,11905
2022-05-14,YKY,-1789.466528,20,DC,11906
2022-05-14,YKY,-1783.934807,27,DC,11907
2022-05-14,YKY,-1778.138797,9,DC,11908
2022-05-14,YKY,-1769.959905,8,DC,11909
2022-05-14,YKY,-1761.611141,3,DC,11910
2022-05-14,YKY,-1758.021965,166,DC,11911
2022-05-14,YKY,-1751.393403,9,DC,11912
2022-05-14,YKY,-1742.593788,18,DC,11913
2022-05-14,YKY,-1736.506987,1,DC,11914
2022-05-14,YKY,-1732.648549,19,DC,11915
2022-05-14,YKY,-1727.430366,27,DC,11916
2022-05-14,YKY,-1722.163367,169,DC,11917
2022-05-14,YKY,-1713.914726,1,DC,11918
2022-05-14,YKY,-1708.748264,18,DC,11919
2022-05-14,YKY,-1703.673272,19,DC,11920
2022-05-14,YKY,-1697.822986,17,DC,11921
2022-05-14,YKY,-1692.539281,169,DC,11922
2022-05-14,YKY,-1686.181313,27,DC,11923
2022-05-14,YKY,-1681.06229,19,DC,11924
2022-05-14,YKY,-1674.36731,1,DC,11925
2022-05-14,YKY,-1669.256613,18,DC,11926
2022-05-14,YKY,-1662.413493,20,DC,11927
2022-05-14,YKY,-1658.472325,8,DC,11928
2022-05-14,YKY,-1651.673106,21,DC,11929
2022-05-14,YKY,-1645.679002,10,DC,11930
2022-05-14,YKY,-1639.36033,165,DC,11931
2022-05-14,YKY,-1632.904255,8,DC,11932
2022-05-14,YKY,-1626.117054,166,DC,11933
2022-05-14,YKY,-1619.248526,9,DC,11934
2022-05-14,YKY,-1612.994136,3,DC,11935
2022-05-14,YKY,-1608.522403,166,DC,11936
2022-05-14,YKY,-1601.227645,9,DC,11937
2022-05-14,YKY,-1594.994434,3,DC,11938
2022-05-14,YKY,-1589.119224,166,DC,11939
2022-05-14,YKY,-1582.826049,1,DC,11940
2022-05-14,YKY,-1576.455411,18,DC,11941
2022-05-14,YKY,-1570.888588,10,DC,11942
2022-05-14,YKY,-1564.659548,8,DC,11943
2022-05-14,YKY,-1559.602011,166,DC,11944
2022-05-14,YKY,-1553.648432,3,DC,11945
2022-05-14,YKY,-1548.122859,9,DC,11946
2022-05-14,YKY,-1541.343954,3,DC,11947
2022-05-14,YKY,-1533.324942,8,DC,11948
2022-05-14,YKY,-1527.154258,3,DC,11949
2022-05-14,YKY,-1521.847036,166,DC,11950
2022-05-14,YKY,-1514.43343,9,DC,11951
2022-05-14,YKY,-1507.538201,19,DC,11952
2022-05-14,YKY,-1501.696616,169,DC,11953
2022-05-14,YKY,-1495.521256,27,DC,11954
2022-05-14,YKY,-1489.386038,18,DC,11955
2022-05-14,YKY,-1483.937044,1,DC,11956
2022-05-14,YKY,-1478.877849,13,DC,11957
2022-05-14,YKY,-1473.288445,21,DC,11958
2022-05-14,YKY,-1463.38029,18,DC,11959
2022-05-14,YKY,-1455.116488,1,DC,11960
2022-05-14,YKY,-1449.406675,20,DC,11961
2022-05-14,YKY,-1444.007631,8,DC,11962
2022-05-14,YKY,-1438.128599,166,DC,11963
2022-05-14,YKY,-1431.875791,9,DC,11964
2022-05-14,YKY,-1425.314659,3,DC,11965
2022-05-14,YKY,-1419.008849,166,DC,11966
2022-05-14,YKY,-1411.998407,18,DC,11967
2022-05-14,YKY,-1403.626996,166,DC,11968
2022-05-14,YKY,-1395.693016,8,DC,11969
2022-05-14,YKY,-1388.590404,16,DC,11970
2022-05-14,YKY,-1381.544495,5,DC,11971
2022-05-14,YKY,-1375.216157,27,DC,11972
2022-05-14,YKY,-1370.618814,169,DC,11973
2022-05-14,YKY,-1364.767593,19,DC,11974
2022-05-14,YKY,-1358.54719,27,DC,11975
2022-05-14,YKY,-1352.649073,18,DC,11976
2022-05-14,YKY,-1347.998595,1,DC,11977
2022-05-14,YKY,-1342.212746,18,DC,11978
2022-05-14,YKY,-1335.751917,1,DC,11979
2022-05-14,YKY,-1330.438429,27,DC,11980
2022-05-14,YKY,-1325.509986,9,DC,11981
2022-05-14,YKY,-1319.843078,3,DC,11982
2022-05-14,YKY,-1313.401932,166,DC,11983
2022-05-14,YKY,-1307.072795,3,DC,11984
2022-05-14,YKY,-1301.423414,166,DC,11985
2022-05-14,YKY,-1293.930729,9,DC,11986
2022-05-14,YKY,-1288.644756,8,DC,11987
2022-05-14,YKY,-1278.429874,166,DC,11988
2022-05-14,YKY,-1271.177269,9,DC,11989
2022-05-14,YKY,-1265.044638,3,DC,11990
2022-05-14,YKY,-1259.792463,166,DC,11991
2022-05-14,YKY,-1251.146644,27,DC,11992
2022-05-14,YKY,-1245.04151,169,DC,11993
2022-05-14,YKY,-1239.770801,8,DC,11994
2022-05-14,YKY,-1233.404815,3,DC,11995
2022-05-14,YKY,-1226.944434,166,DC,11996
2022-05-14,YKY,-1218.542292,1,DC,11997
2022-05-14,YKY,-1212.728655,18,DC,11998
2022-05-14,YKY,-1205.083845,1,DC,11999
2022-05-14,YKY,-1198.71548,13,DC,12000
2022-05-14,YKY,-1192.983577,165,DC,12001
2022-05-14,YKY,-1183.493821,17,DC,12002
2022-05-14,YKY,-1175.311135,10,DC,12003
2022-05-14,YKY,-1098.257534,167,DC,12004
2022-05-14,YKY,-1056.356615,9,DC,12005
2022-05-14,YKY,-1026.440488,170,DC,12006
2022-05-14,YKY,-993.2647173,170,DC,12007
2022-05-14,YKY,-977.9607903,30,DC,12008
2022-05-14,YKY,-968.8180691,8,DC,12009
2022-05-14,YKY,-963.203072,9,DC,12010
2022-05-14,YKY,-957.8646269,170,DC,12011
2022-05-14,YKY,-951.9106904,1,DC,12012
2022-05-14,YKY,-947.325908,167,DC,12013
2022-05-14,YKY,-940.5429424,19,DC,12014
2022-05-14,YKY,-933.8479041,17,DC,12015
2022-05-14,YKY,-926.1364783,3,DC,12016
2022-05-14,YKY,-920.4061284,167,DC,12017
2022-05-14,YKY,-913.5868298,19,DC,12018
2022-05-14,YKY,-907.0884795,8,DC,12019
2022-05-14,YKY,-903.4652362,35,DC,12020
2022-05-14,YKY,-896.782883,9,DC,12021
2022-05-14,YKY,-889.8171357,8,DC,12022
2022-05-14,YKY,-882.9716211,170,DC,12023
2022-05-14,YKY,-878.1750512,NA,DC,12024
2022-05-14,YKY,-864.3974584,35,DC,12025
2022-05-14,YKY,-850.8153009,167,DC,12026
2022-05-14,YKY,-814.5587591,9,DC,12027
2022-05-14,YKY,-806.6628106,21,DC,12028
2022-05-14,YKY,-799.5637465,20,DC,12029
2022-05-14,YKY,-793.1680843,1,DC,12030
2022-05-14,YKY,-786.8251939,30,DC,12031
2022-05-14,YKY,-780.4561589,30,DC,12032
2022-05-14,YKY,-773.1666355,17,DC,12033
2022-05-14,YKY,-765.9520136,3,DC,12034
2022-05-14,YKY,-758.7651645,9,DC,12035
2022-05-14,YKY,-750.1485442,170,DC,12036
2022-05-14,YKY,-739.6396201,8,DC,12037
2022-05-14,YKY,-729.673741,NA,DC,12038
2022-05-14,YKY,-727.6680737,30,DC,12039
2022-05-14,YKY,-718.9793892,30,DC,12040
2022-05-14,YKY,-706.2310861,9,DC,12041
2022-05-14,YKY,-698.8656036,NA,DC,12042
2022-05-14,YKY,-690.7511987,8,DC,12043
2022-05-14,YKY,-684.3827309,170,DC,12044
2022-05-14,YKY,-673.0582033,13,DC,12045
2022-05-14,YKY,-658.130174,35,DC,12046
2022-05-14,YKY,-639.2806087,9,DC,12047
2022-05-14,YKY,-630.098483,167,DC,12048
2022-05-14,YKY,-625.6263089,9,DC,12049
2022-05-14,YKY,-617.5652968,8,DC,12050
2022-05-14,YKY,-608.173472,167,DC,12051
2022-05-14,YKY,-596.7879278,30,DC,12052
2022-05-14,YKY,-590.6779641,12,DC,12053
2022-05-14,YKY,-561.4904542,12,DC,12054
2022-05-14,YKY,-552.1814169,3,DC,12055
2022-05-14,YKY,-383.4798161,3,DC,12056
2022-05-14,YKY,-310.7341792,171,DC,12058
2022-05-14,YKY,-269.7532918,35,DC,12059
2022-05-14,YKY,-185.1958073,35,DC,12060
2022-05-14,YKY,-112.8279922,35,DC,12061
2022-05-16,YKY,-2509.100906,19,DC,12066
2022-05-16,YKY,-2461.297086,19,DC,12067
2022-05-16,YKY,-2434.182954,166,DC,12068
2022-05-16,YKY,-2405.100578,3,DC,12069
2022-05-16,YKY,-2378.610257,3,DC,12070
2022-05-16,YKY,-2363.512827,9,DC,12071
2022-05-16,YKY,-2345.897464,8,DC,12072
2022-05-16,YKY,-2331.573064,19,DC,12073
2022-05-16,YKY,-2314.697794,166,DC,12074
2022-05-16,YKY,-2297.962443,21,DC,12075
2022-05-16,YKY,-2285.711693,27,DC,12076
2022-05-16,YKY,-2276.352176,19,DC,12077
2022-05-16,YKY,-2267.057799,17,DC,12078
2022-05-16,YKY,-2255.175277,10,DC,12079
2022-05-16,YKY,-2246.086731,27,DC,12080
2022-05-16,YKY,-2236.991426,1,DC,12081
2022-05-16,YKY,-2225.931033,18,DC,12082
2022-05-16,YKY,-2218.219334,19,DC,12083
2022-05-16,YKY,-2208.750217,27,DC,12084
2022-05-16,YKY,-2201.689879,169,DC,12085
2022-05-16,YKY,-2193.55709,27,DC,12086
2022-05-16,YKY,-2187.743507,20,DC,12087
2022-05-16,YKY,-2180.565061,1,DC,12088
2022-05-16,YKY,-2173.97972,3,DC,12089
2022-05-16,YKY,-2167.373407,166,DC,12090
2022-05-16,YKY,-2159.20722,9,DC,12091
2022-05-16,YKY,-2150.663001,8,DC,12092
2022-05-16,YKY,-2143.57874,3,DC,12093
2022-05-16,YKY,-2137.111611,166,DC,12094
2022-05-16,YKY,-2127.766185,17,DC,12095
2022-05-16,YKY,-2122.924211,1,DC,12096
2022-05-16,YKY,-2115.689644,19,DC,12097
2022-05-16,YKY,-2111.314542,27,DC,12098
2022-05-16,YKY,-2102.83472,169,DC,12099
2022-05-16,YKY,-2097.838023,27,DC,12100
2022-05-16,YKY,-2088.102044,1,DC,12101
2022-05-16,YKY,-2078.001877,18,DC,12102
2022-05-16,YKY,-2070.650824,21,DC,12103
2022-05-16,YKY,-2062.856025,13,DC,12104
2022-05-16,YKY,-2057.083748,165,DC,12105
2022-05-16,YKY,-2051.56158,10,DC,12106
2022-05-16,YKY,-2043.508948,13,DC,12107
2022-05-16,YKY,-2036.933855,21,DC,12108
2022-05-16,YKY,-2029.959842,1,DC,12109
2022-05-16,YKY,-2020.578772,20,DC,12110
2022-05-16,YKY,-2014.851456,18,DC,12111
2022-05-16,YKY,-2007.086884,19,DC,12112
2022-05-16,YKY,-2000.026167,17,DC,12113
2022-05-16,YKY,-1992.308956,1,DC,12114
2022-05-16,YKY,-1984.432995,10,DC,12115
2022-05-16,YKY,-1977.336098,21,DC,12116
2022-05-16,YKY,-1969.482227,3,DC,12117
2022-05-16,YKY,-1962.829631,9,DC,12118
2022-05-16,YKY,-1956.999767,166,DC,12119
2022-05-16,YKY,-1949.121723,9,DC,12120
2022-05-16,YKY,-1942.578347,8,DC,12121
2022-05-16,YKY,-1936.525172,3,DC,12122
2022-05-16,YKY,-1930.452821,166,DC,12123
2022-05-16,YKY,-1923.946419,3,DC,12124
2022-05-16,YKY,-1919.391455,9,DC,12125
2022-05-16,YKY,-1913.606344,8,DC,12126
2022-05-16,YKY,-1907.396396,20,DC,12127
2022-05-16,YKY,-1900.351303,1,DC,12128
2022-05-16,YKY,-1894.848357,18,DC,12129
2022-05-16,YKY,-1889.540751,27,DC,12130
2022-05-16,YKY,-1883.150248,19,DC,12131
2022-05-16,YKY,-1877.723297,27,DC,12132
2022-05-16,YKY,-1872.483447,169,DC,12133
2022-05-16,YKY,-1866.444133,1,DC,12134
2022-05-16,YKY,-1860.918748,20,DC,12135
2022-05-16,YKY,-1855.378436,18,DC,12136
2022-05-16,YKY,-1850.176767,1,DC,12137
2022-05-16,YKY,-1843.428192,18,DC,12138
2022-05-16,YKY,-1837.348928,21,DC,12139
2022-05-16,YKY,-1831.127757,19,DC,12140
2022-05-16,YKY,-1824.982523,27,DC,12141
2022-05-16,YKY,-1819.170101,19,DC,12142
2022-05-16,YKY,-1813.30292,169,DC,12143
2022-05-16,YKY,-1807.034304,18,DC,12144
2022-05-16,YKY,-1801.58739,1,DC,12145
2022-05-16,YKY,-1795.404519,27,DC,12146
2022-05-16,YKY,-1788.330264,19,DC,12147
2022-05-16,YKY,-1782.638702,17,DC,12148
2022-05-16,YKY,-1776.75015,169,DC,12149
2022-05-16,YKY,-1770.113303,20,DC,12150
2022-05-16,YKY,-1764.567666,3,DC,12151
2022-05-16,YKY,-1759.574037,166,DC,12152
2022-05-16,YKY,-1753.90288,9,DC,12153
2022-05-16,YKY,-1744.600179,8,DC,12154
2022-05-16,YKY,-1738.645242,1,DC,12155
2022-05-16,YKY,-1733.451073,20,DC,12156
2022-05-16,YKY,-1728.676292,1,DC,12157
2022-05-16,YKY,-1723.082286,18,DC,12158
2022-05-16,YKY,-1718.743013,1,DC,12159
2022-05-16,YKY,-1712.742242,19,DC,12160
2022-05-16,YKY,-1706.385699,27,DC,12161
2022-05-16,YKY,-1700.604719,169,DC,12162
2022-05-16,YKY,-1694.332127,18,DC,12163
2022-05-16,YKY,-1689.807849,1,DC,12164
2022-05-16,YKY,-1683.204217,27,DC,12165
2022-05-16,YKY,-1678.114957,169,DC,12166
2022-05-16,YKY,-1670.649044,20,DC,12167
2022-05-16,YKY,-1666.199571,1,DC,12168
2022-05-16,YKY,-1659.8692,18,DC,12169
2022-05-16,YKY,-1653.778065,27,DC,12170
2022-05-16,YKY,-1648.705641,169,DC,12171
2022-05-16,YKY,-1642.807984,18,DC,12172
2022-05-16,YKY,-1636.455254,19,DC,12173
2022-05-16,YKY,-1630.165579,169,DC,12174
2022-05-16,YKY,-1623.220517,27,DC,12175
2022-05-16,YKY,-1615.853657,21,DC,12176
2022-05-16,YKY,-1609.548569,1,DC,12177
2022-05-16,YKY,-1602.468375,5,DC,12178
2022-05-16,YKY,-1595.995088,13,DC,12179
2022-05-16,YKY,-1590.995587,21,DC,12180
2022-05-16,YKY,-1582.38529,18,DC,12181
2022-05-16,YKY,-1576.324204,1,DC,12182
2022-05-16,YKY,-1568.450536,20,DC,12183
2022-05-16,YKY,-1562.442964,27,DC,12184
2022-05-16,YKY,-1556.204445,27,DC,12185
2022-05-16,YKY,-1550.00811,169,DC,12186
2022-05-16,YKY,-1541.782976,3,DC,12187
2022-05-16,YKY,-1534.933139,1,DC,12188
2022-05-16,YKY,-1530.133028,27,DC,12189
2022-05-16,YKY,-1525.680071,169,DC,12190
2022-05-16,YKY,-1520.027872,18,DC,12191
2022-05-16,YKY,-1513.743711,1,DC,12192
2022-05-16,YKY,-1506.968979,20,DC,12193
2022-05-16,YKY,-1501.780936,19,DC,12194
2022-05-16,YKY,-1496.521752,27,DC,12195
2022-05-16,YKY,-1489.969831,1,DC,12196
2022-05-16,YKY,-1484.12693,21,DC,12197
2022-05-16,YKY,-1478.918397,10,DC,12198
2022-05-16,YKY,-1471.107846,18,DC,12199
2022-05-16,YKY,-1465.568913,1,DC,12200
2022-05-16,YKY,-1460.044808,16,DC,12201
2022-05-16,YKY,-1454.860007,18,DC,12202
2022-05-16,YKY,-1449.662338,21,DC,12203
2022-05-16,YKY,-1444.441806,10,DC,12204
2022-05-16,YKY,-1437.236678,21,DC,12205
2022-05-16,YKY,-1430.938393,13,DC,12206
2022-05-16,YKY,-1424.781693,165,DC,12207
2022-05-16,YKY,-1418.959434,21,DC,12208
2022-05-16,YKY,-1412.506411,9,DC,12209
2022-05-16,YKY,-1406.040186,8,DC,12210
2022-05-16,YKY,-1400.222591,9,DC,12211
2022-05-16,YKY,-1394.541729,166,DC,12212
2022-05-16,YKY,-1388.344218,3,DC,12213
2022-05-16,YKY,-1382.342542,18,DC,12214
2022-05-16,YKY,-1377.499504,1,DC,12215
2022-05-16,YKY,-1371.943431,21,DC,12216
2022-05-16,YKY,-1366.084311,18,DC,12217
2022-05-16,YKY,-1360.671559,19,DC,12218
2022-05-16,YKY,-1356.027882,27,DC,12219
2022-05-16,YKY,-1350.295824,19,DC,12220
2022-05-16,YKY,-1344.590609,27,DC,12221
2022-05-16,YKY,-1336.553024,16,DC,12222
2022-05-16,YKY,-1330.759436,5,DC,12223
2022-05-16,YKY,-1324.397085,21,DC,12224
2022-05-16,YKY,-1319.503903,10,DC,12225
2022-05-16,YKY,-1311.873658,16,DC,12226
2022-05-16,YKY,-1305.90766,21,DC,12227
2022-05-16,YKY,-1299.989904,18,DC,12228
2022-05-16,YKY,-1293.166203,1,DC,12229
2022-05-16,YKY,-1286.694905,5,DC,12230
2022-05-16,YKY,-1280.897753,1,DC,12231
2022-05-16,YKY,-1275.735156,13,DC,12232
2022-05-16,YKY,-1269.391729,1,DC,12233
2022-05-16,YKY,-1263.147523,18,DC,12234
2022-05-16,YKY,-1257.24609,1,DC,12235
2022-05-16,YKY,-1249.352887,27,DC,12236
2022-05-16,YKY,-1244.437573,169,DC,12237
2022-05-16,YKY,-1237.823662,18,DC,12238
2022-05-16,YKY,-1230.894028,19,DC,12239
2022-05-16,YKY,-1226.024504,27,DC,12240
2022-05-16,YKY,-1220.672976,169,DC,12241
2022-05-16,YKY,-1213.374904,21,DC,12242
2022-05-16,YKY,-1206.256147,16,DC,12243
2022-05-16,YKY,-1200.612516,18,DC,12244
2022-05-16,YKY,-1195.341804,1,DC,12245
2022-05-16,YKY,-1187.955446,19,DC,12246
2022-05-16,YKY,-1181.313243,1,DC,12247
2022-05-16,YKY,-1174.375312,27,DC,12248
2022-05-16,YKY,-1168.439459,1,DC,12249
2022-05-16,YKY,-1163.294667,5,DC,12250
2022-05-16,YKY,-1156.156258,16,DC,12251
2022-05-16,YKY,-1150.514897,13,DC,12252
2022-05-16,YKY,-1143.91203,21,DC,12253
2022-05-16,YKY,-1137.310732,21,DC,12254
2022-05-16,YKY,-1130.250118,10,DC,12255
2022-05-16,YKY,-1123.082011,16,DC,12256
2022-05-16,YKY,-1116.918673,5,DC,12257
2022-05-16,YKY,-1110.060563,16,DC,12258
2022-05-16,YKY,-1102.37439,16,DC,12259
2022-05-16,YKY,-1095.8644,18,DC,12260
2022-05-16,YKY,-1089.971115,1,DC,12261
2022-05-16,YKY,-1084.2636,19,DC,12262
2022-05-16,YKY,-1076.933779,27,DC,12263
2022-05-16,YKY,-1070.89118,27,DC,12264
2022-05-16,YKY,-1065.644537,169,DC,12265
2022-05-16,YKY,-1057.113665,19,DC,12266
2022-05-16,YKY,-1051.710013,26,DC,12267
2022-05-16,YKY,-1045.997761,18,DC,12268
2022-05-16,YKY,-1039.605302,1,DC,12269
2022-05-16,YKY,-1032.588836,21,DC,12270
2022-05-16,YKY,-1022.705009,1,DC,12271
2022-05-16,YKY,-1015.160132,20,DC,12272
2022-05-16,YKY,-1003.708117,18,DC,12273
2022-05-16,YKY,-996.4247374,1,DC,12274
2022-05-16,YKY,-989.8134644,166,DC,12275
2022-05-16,YKY,-983.4563134,9,DC,12276
2022-05-16,YKY,-977.2382724,8,DC,12277
2022-05-16,YKY,-970.0324874,3,DC,12278
2022-05-16,YKY,-964.2714274,9,DC,12279
2022-05-16,YKY,-957.5436154,16,DC,12280
2022-05-16,YKY,-952.1533414,5,DC,12281
2022-05-16,YKY,-944.2772164,13,DC,12282
2022-05-16,YKY,-938.3019434,21,DC,12283
2022-05-16,YKY,-931.6543844,18,DC,12284
2022-05-16,YKY,-924.1106754,1,DC,12285
2022-05-16,YKY,-918.1051344,27,DC,12286
2022-05-16,YKY,-912.0594664,19,DC,12287
2022-05-16,YKY,-905.8429564,17,DC,12288
2022-05-16,YKY,-898.3920744,169,DC,12289
2022-05-16,YKY,-890.0425604,1,DC,12290
2022-05-16,YKY,-883.7832084,18,DC,12291
2022-05-16,YKY,-877.4056164,1,DC,12292
2022-05-16,YKY,-870.9033834,27,DC,12293
2022-05-16,YKY,-862.1312654,17,DC,12294
2022-05-16,YKY,-854.1369514,20,DC,12295
2022-05-16,YKY,-845.5372404,18,DC,12296
2022-05-16,YKY,-838.9081134,1,DC,12297
2022-05-16,YKY,-832.3262544,1,DC,12298
2022-05-16,YKY,-823.4874484,20,DC,12299
2022-05-16,YKY,-817.7284944,19,DC,12300
2022-05-16,YKY,-809.3784654,27,DC,12301
2022-05-16,YKY,-803.5256104,27,DC,12302
2022-05-16,YKY,-797.9330294,169,DC,12303
2022-05-16,YKY,-770.9995794,19,DC,12304
2022-05-16,YKY,-757.0268124,19,DC,12305
2022-05-16,YKY,-747.8890014,18,DC,12306
2022-05-16,YKY,-739.3205914,1,DC,12307
2022-05-16,YKY,-728.4144284,27,DC,12308
2022-05-16,YKY,-716.5286644,19,DC,12309
2022-05-16,YKY,-704.1130074,169,DC,12310
2022-05-16,YKY,-696.7915694,1,DC,12311
2022-05-16,YKY,-687.2021104,18,DC,12312
2022-05-16,YKY,-675.0994134,1,DC,12313
2022-05-16,YKY,-667.5099814,27,DC,12314
2022-05-16,YKY,-656.5938174,27,DC,12315
2022-05-16,YKY,-633.8501904,19,DC,12316
2022-05-16,YKY,-605.8288924,18,DC,12317
2022-05-16,YKY,-593.6327424,NA,DC,12318
2022-05-16,YKY,-566.4509624,NA,DC,12319
2022-05-16,YKY,-555.8446944,170,DC,12320
2022-05-16,YKY,-543.4536874,30,DC,12321
2022-05-16,YKY,-433.3141944,35,DC,12322
2022-05-16,YKY,-323.0801584,170,DC,12323
2022-05-16,YKY,-315.3885704,35,DC,12324
2022-05-17,YKY,-2279.655052,3,DC,12331
2022-05-17,YKY,-2241.461221,166,DC,12332
2022-05-17,YKY,-2188.298991,8,DC,12333
2022-05-17,YKY,-2156.928654,9,DC,12334
2022-05-17,YKY,-2137.377898,10,DC,12335
2022-05-17,YKY,-2115.829464,13,DC,12336
2022-05-17,YKY,-2107.053469,21,DC,12337
2022-05-17,YKY,-2096.805702,9,DC,12338
2022-05-17,YKY,-2087.265673,8,DC,12339
2022-05-17,YKY,-2054.576338,8,DC,12341
2022-05-17,YKY,-2045.574089,9,DC,12342
2022-05-17,YKY,-2037.055934,3,DC,12343
2022-05-17,YKY,-2027.508683,166,DC,12344
2022-05-17,YKY,-2019.593565,16,DC,12345
2022-05-17,YKY,-2013.642771,8,DC,12346
2022-05-17,YKY,-2006.420947,1,DC,12347
2022-05-17,YKY,-1999.45911,8,DC,12348
2022-05-17,YKY,-1993.746648,3,DC,12349
2022-05-17,YKY,-1985.968744,9,DC,12350
2022-05-17,YKY,-1976.739254,3,DC,12351
2022-05-17,YKY,-1969.669089,166,DC,12352
2022-05-17,YKY,-1961.717862,9,DC,12353
2022-05-17,YKY,-1953.56241,8,DC,12354
2022-05-17,YKY,-1944.587698,9,DC,12355
2022-05-17,YKY,-1936.217604,21,DC,12356
2022-05-17,YKY,-1929.934618,16,DC,12357
2022-05-17,YKY,-1924.301596,13,DC,12358
2022-05-17,YKY,-1917.522337,21,DC,12359
2022-05-17,YKY,-1910.710125,5,DC,12360
2022-05-17,YKY,-1905.170987,165,DC,12361
2022-05-17,YKY,-1899.119099,10,DC,12362
2022-05-17,YKY,-1892.258367,13,DC,12363
2022-05-17,YKY,-1885.448188,21,DC,12364
2022-05-17,YKY,-1878.926881,8,DC,12365
2022-05-17,YKY,-1872.116702,166,DC,12366
2022-05-17,YKY,-1863.753822,9,DC,12367
2022-05-17,YKY,-1856.474224,3,DC,12368
2022-05-17,YKY,-1851.014526,166,DC,12369
2022-05-17,YKY,-1844.464332,8,DC,12370
2022-05-17,YKY,-1837.293061,17,DC,12371
2022-05-17,YKY,-1831.489347,169,DC,12372
2022-05-17,YKY,-1825.290393,3,DC,12373
2022-05-17,YKY,-1819.975131,1,DC,12374
2022-05-17,YKY,-1814.262668,16,DC,12375
2022-05-17,YKY,-1807.820802,5,DC,12376
2022-05-17,YKY,-1799.515705,16,DC,12377
2022-05-17,YKY,-1793.088283,13,DC,12378
2022-05-17,YKY,-1786.826954,10,DC,12379
2022-05-17,YKY,-1780.161211,21,DC,12380
2022-05-17,YKY,-1772.873051,1,DC,12381
2022-05-17,YKY,-1766.475852,27,DC,12382
2022-05-17,YKY,-1761.767223,19,DC,12383
2022-05-17,YKY,-1755.61423,27,DC,12384
2022-05-17,YKY,-1749.966764,169,DC,12385
2022-05-17,YKY,-1743.589894,17,DC,12386
2022-05-17,YKY,-1734.100419,21,DC,12387
2022-05-17,YKY,-1728.474617,165,DC,12388
2022-05-17,YKY,-1723.311013,13,DC,12389
2022-05-17,YKY,-1718.364064,16,DC,12390
2022-05-17,YKY,-1713.121021,21,DC,12391
2022-05-17,YKY,-1707.011358,10,DC,12392
2022-05-17,YKY,-1700.670598,8,DC,12393
2022-05-17,YKY,-1694.134848,5,DC,12394
2022-05-17,YKY,-1689.173449,16,DC,12395
2022-05-17,YKY,-1684.168725,21,DC,12396
2022-05-17,YKY,-1678.766801,27,DC,12397
2022-05-17,YKY,-1672.563255,1,DC,12398
2022-05-17,YKY,-1667.081892,166,DC,12399
2022-05-17,YKY,-1660.213938,9,DC,12400
2022-05-17,YKY,-1652.963229,166,DC,12401
2022-05-17,YKY,-1646.088053,8,DC,12402
2022-05-17,YKY,-1639.927838,21,DC,12403
2022-05-17,YKY,-1634.042052,18,DC,12404
2022-05-17,YKY,-1629.290092,1,DC,12405
2022-05-17,YKY,-1623.700401,16,DC,12406
2022-05-17,YKY,-1617.829059,5,DC,12407
2022-05-17,YKY,-1611.907164,13,DC,12408
2022-05-17,YKY,-1606.288586,165,DC,12409
2022-05-17,YKY,-1600.446131,21,DC,12410
2022-05-17,YKY,-1594.784221,10,DC,12411
2022-05-17,YKY,-1587.403518,27,DC,12412
2022-05-17,YKY,-1581.698278,19,DC,12413
2022-05-17,YKY,-1575.920819,27,DC,12414
2022-05-17,YKY,-1568.619556,3,DC,12415
2022-05-17,YKY,-1563.72316,166,DC,12416
2022-05-17,YKY,-1557.70016,9,DC,12417
2022-05-17,YKY,-1551.886592,3,DC,12418
2022-05-17,YKY,-1546.932421,8,DC,12419
2022-05-17,YKY,-1540.84442,16,DC,12420
2022-05-17,YKY,-1534.453106,166,DC,12421
2022-05-17,YKY,-1525.209173,9,DC,12422
2022-05-17,YKY,-1518.139008,10,DC,12423
2022-05-17,YKY,-1510.310551,21,DC,12424
2022-05-17,YKY,-1503.601478,13,DC,12425
2022-05-17,YKY,-1498.647307,165,DC,12426
2022-05-17,YKY,-1493.057616,21,DC,12427
2022-05-17,YKY,-1487.634028,16,DC,12428
2022-05-17,YKY,-1482.448764,5,DC,12429
2022-05-17,YKY,-1476.144112,10,DC,12430
2022-05-17,YKY,-1469.630028,13,DC,12431
2022-05-17,YKY,-1463.469812,21,DC,12432
2022-05-17,YKY,-1458.335096,165,DC,12433
2022-05-17,YKY,-1450.968837,8,DC,12434
2022-05-17,YKY,-1443.414809,3,DC,12435
2022-05-17,YKY,-1437.557911,16,DC,12436
2022-05-17,YKY,-1432.394307,166,DC,12437
2022-05-17,YKY,-1425.627459,9,DC,12438
2022-05-17,YKY,-1419.474465,3,DC,12439
2022-05-17,YKY,-1413.848666,166,DC,12440
2022-05-17,YKY,-1406.085205,5,DC,12441
2022-05-17,YKY,-1399.376132,21,DC,12442
2022-05-17,YKY,-1392.890928,166,DC,12443
2022-05-17,YKY,-1386.412952,9,DC,12444
2022-05-17,YKY,-1379.578142,8,DC,12445
2022-05-17,YKY,-1372.677053,166,DC,12446
2022-05-17,YKY,-1365.202466,172,DC,12447
2022-05-17,YKY,-1359.314667,1,DC,12448
2022-05-17,YKY,-1353.813651,13,DC,12449
2022-05-17,YKY,-1347.732876,21,DC,12450
2022-05-17,YKY,-1342.143185,165,DC,12451
2022-05-17,YKY,-1337.087898,10,DC,12452
2022-05-17,YKY,-1330.833799,21,DC,12453
2022-05-17,YKY,-1325.294661,165,DC,12454
2022-05-17,YKY,-1319.127224,16,DC,12455
2022-05-17,YKY,-1313.501424,8,DC,12456
2022-05-17,YKY,-1307.557863,166,DC,12457
2022-05-17,YKY,-1299.924396,9,DC,12458
2022-05-17,YKY,-1292.818122,166,DC,12459
2022-05-17,YKY,-1285.63963,1,DC,12460
2022-05-17,YKY,-1278.634463,3,DC,12461
2022-05-17,YKY,-1271.838727,8,DC,12462
2022-05-17,YKY,-1265.859058,166,DC,12463
2022-05-17,YKY,-1259.677177,9,DC,12464
2022-05-17,YKY,-1253.849166,3,DC,12465
2022-05-17,YKY,-1247.912828,8,DC,12466
2022-05-17,YKY,-1241.550401,9,DC,12467
2022-05-17,YKY,-1235.56351,166,DC,12468
2022-05-17,YKY,-1229.316633,16,DC,12469
2022-05-17,YKY,-1223.647502,21,DC,12470
2022-05-17,YKY,-1217.688002,10,DC,12471
2022-05-17,YKY,-1211.276519,21,DC,12472
2022-05-17,YKY,-1205.809604,165,DC,12473
2022-05-17,YKY,-1199.439956,10,DC,12474
2022-05-17,YKY,-1192.774213,21,DC,12475
2022-05-17,YKY,-1184.707436,27,DC,12476
2022-05-17,YKY,-1176.424006,21,DC,12477
2022-05-17,YKY,-1169.519942,10,DC,12478
2022-05-17,YKY,-1162.283675,5,DC,12479
2022-05-17,YKY,-1157.517273,16,DC,12480
2022-05-17,YKY,-1150.45794,21,DC,12481
2022-05-17,YKY,-1145.532658,16,DC,12482
2022-05-17,YKY,-1141.149011,166,DC,12483
2022-05-17,YKY,-1135.855415,9,DC,12484
2022-05-17,YKY,-1128.38805,3,DC,12485
2022-05-17,YKY,-1122.978904,8,DC,12486
2022-05-17,YKY,-1117.266442,166,DC,12487
2022-05-17,YKY,-1110.889572,9,DC,12488
2022-05-17,YKY,-1104.252717,3,DC,12489
2022-05-17,YKY,-1098.410262,8,DC,12490
2022-05-17,YKY,-1091.022337,166,DC,12491
2022-05-17,YKY,-1076.676186,165,DC,12492
2022-05-17,YKY,-1046.503408,21,DC,12493
2022-05-17,YKY,-1041.058154,16,DC,12494
2022-05-17,YKY,-1035.569561,13,DC,12495
2022-05-17,YKY,-1030.405958,5,DC,12496
2022-05-17,YKY,-1024.59239,10,DC,12497
2022-05-17,YKY,-1015.976765,21,DC,12498
2022-05-17,YKY,-1009.318244,16,DC,12499
2022-05-17,YKY,-1002.074756,3,DC,12500
2022-05-17,YKY,-995.7267733,166,DC,12501
2022-05-17,YKY,-990.0432,9,DC,12502
2022-05-17,YKY,-982.272518,8,DC,12503
2022-05-17,YKY,-972.8047081,21,DC,12504
2022-05-17,YKY,-967.2727914,10,DC,12505
2022-05-17,YKY,-960.518729,21,DC,12506
2022-05-17,YKY,-954.4540555,16,DC,12507
2022-05-17,YKY,-948.3949423,8,DC,12508
2022-05-17,YKY,-939.8298598,5,DC,12509
2022-05-17,YKY,-933.3446511,9,DC,12511
2022-05-17,YKY,-927.4480455,166,DC,12512
2022-05-17,YKY,-920.1395603,172,DC,12513
2022-05-17,YKY,-913.0116206,165,DC,12514
2022-05-17,YKY,-906.5659153,8,DC,12515
2022-05-17,YKY,-900.221772,21,DC,12516
2022-05-17,YKY,-893.1443851,16,DC,12517
2022-05-17,YKY,-885.3014859,13,DC,12518
2022-05-17,YKY,-875.3714788,21,DC,12519
2022-05-17,YKY,-868.474638,16,DC,12520
2022-05-17,YKY,-862.3721972,5,DC,12521
2022-05-17,YKY,-855.0276029,21,DC,12522
2022-05-17,YKY,-846.8091627,16,DC,12523
2022-05-17,YKY,-838.7784951,10,DC,12524
2022-05-17,YKY,-831.1233629,21,DC,12525
2022-05-17,YKY,-825.9091989,16,DC,12526
2022-05-17,YKY,-819.3734488,165,DC,12527
2022-05-17,YKY,-812.3466152,13,DC,12528
2022-05-17,YKY,-804.525389,10,DC,12529
2022-05-17,YKY,-795.8953106,21,DC,12530
2022-05-17,YKY,-786.680264,8,DC,12531
2022-05-17,YKY,-778.5773782,165,DC,12532
2022-05-17,YKY,-769.3984372,21,DC,12533
2022-05-17,YKY,-760.9777912,16,DC,12534
2022-05-17,YKY,-752.9182369,166,DC,12535
2022-05-17,YKY,-744.8297947,9,DC,12536
2022-05-17,YKY,-738.3012664,8,DC,12537
2022-05-17,YKY,-730.9638944,3,DC,12538
2022-05-17,YKY,-724.3053733,166,DC,12539
2022-05-17,YKY,-716.816343,16,DC,12540
2022-05-17,YKY,-710.9594505,9,DC,12541
2022-05-17,YKY,-704.5681368,8,DC,12542
2022-05-17,YKY,-696.5013607,166,DC,12543
2022-05-17,YKY,-689.7634054,1,DC,12544
2022-05-17,YKY,-684.2459343,18,DC,12545
2022-05-17,YKY,-677.0818998,3,DC,12546
2022-05-17,YKY,-670.452266,166,DC,12547
2022-05-17,YKY,-663.4543196,9,DC,12548
2022-05-17,YKY,-655.9652888,27,DC,12549
2022-05-17,YKY,-650.3683757,19,DC,12550
2022-05-17,YKY,-644.9736742,27,DC,12551
2022-05-17,YKY,-637.665189,21,DC,12552
2022-05-17,YKY,-632.3860361,8,DC,12553
2022-05-17,YKY,-623.8931872,9,DC,12554
2022-05-17,YKY,-614.685363,3,DC,12555
2022-05-17,YKY,-605.6725274,166,DC,12556
2022-05-17,YKY,-597.2879905,8,DC,12557
2022-05-17,YKY,-582.6349115,29,DC,12558
2022-05-17,YKY,-571.2533152,9,DC,12559
2022-05-17,YKY,-563.4645787,166,DC,12560
2022-05-17,YKY,-554.0184333,9,DC,12561
2022-05-17,YKY,-544.3339682,9,DC,12562
2022-05-17,YKY,-533.9706437,9,DC,12564
2022-05-17,YKY,-522.2496244,166,DC,12565
2022-05-17,YKY,-513.662877,9,DC,12566
2022-05-17,YKY,-506.2893954,3,DC,12567
2022-05-17,YKY,-496.9226924,166,DC,12568
2022-05-17,YKY,-486.4871576,9,DC,12569
2022-05-17,YKY,-478.6659248,9,DC,12570
2022-05-17,YKY,-467.5370951,8,DC,12571
2022-05-18,YKY,-2085.183486,10,DC,12582
2022-05-18,YKY,-2054.262545,21,DC,12583
2022-05-18,YKY,-2042.998319,19,DC,12584
2022-05-18,YKY,-2033.370803,13,DC,12585
2022-05-18,YKY,-2023.25955,1,DC,12586
2022-05-18,YKY,-2013.026804,8,DC,12587
2022-05-18,YKY,-2004.153736,21,DC,12588
2022-05-18,YKY,-1994.694599,10,DC,12589
2022-05-18,YKY,-1987.861047,165,DC,12590
2022-05-18,YKY,-1979.491996,13,DC,12591
2022-05-18,YKY,-1971.41598,21,DC,12592
2022-05-18,YKY,-1962.132663,165,DC,12593
2022-05-18,YKY,-1953.165824,10,DC,12594
2022-05-18,YKY,-1939.850359,166,DC,12595
2022-05-18,YKY,-1932.559674,27,DC,12596
2022-05-18,YKY,-1925.163496,169,DC,12597
2022-05-18,YKY,-1917.95486,1,DC,12598
2022-05-18,YKY,-1910.476633,19,DC,12599
2022-05-18,YKY,-1903.350046,27,DC,12600
2022-05-18,YKY,-1894.711405,18,DC,12601
2022-05-18,YKY,-1887.690312,169,DC,12602
2022-05-18,YKY,-1879.56741,8,DC,12603
2022-05-18,YKY,-1873.073777,165,DC,12604
2022-05-18,YKY,-1866.040962,16,DC,12605
2022-05-18,YKY,-1860.086511,5,DC,12606
2022-05-18,YKY,-1854.096896,21,DC,12607
2022-05-18,YKY,-1847.943177,10,DC,12608
2022-05-18,YKY,-1839.630361,13,DC,12609
2022-05-18,YKY,-1833.947976,21,DC,12610
2022-05-18,YKY,-1825.817201,27,DC,12611
2022-05-18,YKY,-1818.407503,19,DC,12612
2022-05-18,YKY,-1812.663745,9,DC,12613
2022-05-18,YKY,-1796.402194,1,DC,12614
2022-05-18,YKY,-1790.069969,10,DC,12615
2022-05-18,YKY,-1784.127292,18,DC,12616
2022-05-18,YKY,-1777.297772,20,DC,12617
2022-05-18,YKY,-1771.272213,27,DC,12618
2022-05-18,YKY,-1765.221781,1,DC,12619
2022-05-18,YKY,-1759.121627,19,DC,12620
2022-05-18,YKY,-1752.988321,5,DC,12621
2022-05-18,YKY,-1745.106193,3,DC,12622
2022-05-18,YKY,-1738.782257,21,DC,12623
2022-05-18,YKY,-1732.226249,17,DC,12624
2022-05-18,YKY,-1725.288982,13,DC,12625
2022-05-18,YKY,-1719.835312,165,DC,12626
2022-05-18,YKY,-1715.318214,10,DC,12627
2022-05-18,YKY,-1708.787072,21,DC,12628
2022-05-18,YKY,-1702.786377,1,DC,12629
2022-05-18,YKY,-1696.122622,21,DC,12630
2022-05-18,YKY,-1690.53634,9,DC,12631
2022-05-18,YKY,-1684.552223,166,DC,12632
2022-05-18,YKY,-1676.678383,8,DC,12633
2022-05-18,YKY,-1670.743994,19,DC,12634
2022-05-18,YKY,-1664.494652,169,DC,12635
2022-05-18,YKY,-1654.548749,27,DC,12636
2022-05-18,YKY,-1647.943012,18,DC,12637
2022-05-18,YKY,-1642.041778,1,DC,12638
2022-05-18,YKY,-1636.563243,166,DC,12639
2022-05-18,YKY,-1628.407603,27,DC,12640
2022-05-18,YKY,-1622.588499,19,DC,12641
2022-05-18,YKY,-1616.207296,17,DC,12642
2022-05-18,YKY,-1609.203722,169,DC,12643
2022-05-18,YKY,-1602.059249,18,DC,12644
2022-05-18,YKY,-1595.950807,165,DC,12645
2022-05-18,YKY,-1590.240204,21,DC,12646
2022-05-18,YKY,-1584.18978,10,DC,12647
2022-05-18,YKY,-1576.813236,3,DC,12648
2022-05-18,YKY,-1570.820821,9,DC,12649
2022-05-18,YKY,-1563.842113,166,DC,12650
2022-05-18,YKY,-1557.194934,8,DC,12651
2022-05-18,YKY,-1551.567212,18,DC,12652
2022-05-18,YKY,-1545.806876,21,DC,12653
2022-05-18,YKY,-1539.926361,27,DC,12654
2022-05-18,YKY,-1533.751614,19,DC,12655
2022-05-18,YKY,-1527.643172,1,DC,12656
2022-05-18,YKY,-1521.907701,27,DC,12657
2022-05-18,YKY,-1516.139078,169,DC,12658
2022-05-18,YKY,-1510.129105,21,DC,12659
2022-05-18,YKY,-1505.331197,10,DC,12660
2022-05-18,YKY,-1499.322214,165,DC,12661
2022-05-18,YKY,-1493.810526,21,DC,12662
2022-05-18,YKY,-1486.127317,19,DC,12663
2022-05-18,YKY,-1480.507882,16,DC,12664
2022-05-18,YKY,-1473.902144,5,DC,12665
2022-05-18,YKY,-1467.536767,9,DC,12666
2022-05-18,YKY,-1461.705982,8,DC,12667
2022-05-18,YKY,-1455.431775,3,DC,12668
2022-05-18,YKY,-1449.804051,10,DC,12669
2022-05-18,YKY,-1443.463538,21,DC,12670
2022-05-18,YKY,-1435.863211,10,DC,12671
2022-05-18,YKY,-1428.063966,165,DC,12672
2022-05-18,YKY,-1421.362914,21,DC,12673
2022-05-18,YKY,-1413.870334,18,DC,12674
2022-05-18,YKY,-1407.405498,1,DC,12675
2022-05-18,YKY,-1402.45741,27,DC,12676
2022-05-18,YKY,-1397.177793,169,DC,12677
2022-05-18,YKY,-1392.07223,27,DC,12678
2022-05-18,YKY,-1386.510813,21,DC,12679
2022-05-18,YKY,-1380.808495,18,DC,12680
2022-05-18,YKY,-1375.089601,1,DC,12681
2022-05-18,YKY,-1369.229807,19,DC,12682
2022-05-18,YKY,-1362.383711,17,DC,12683
2022-05-18,YKY,-1354.65906,21,DC,12684
2022-05-18,YKY,-1348.260529,10,DC,12685
2022-05-18,YKY,-1341.406144,21,DC,12686
2022-05-18,YKY,-1334.667795,19,DC,12687
2022-05-18,YKY,-1328.459894,27,DC,12688
2022-05-18,YKY,-1321.257403,166,DC,12689
2022-05-18,YKY,-1314.278695,9,DC,12690
2022-05-18,YKY,-1308.369171,3,DC,12691
2022-05-18,YKY,-1302.4928,1,DC,12692
2022-05-18,YKY,-1296.18544,18,DC,12693
2022-05-18,YKY,-1290.566005,1,DC,12694
2022-05-18,YKY,-1284.159186,1,DC,12695
2022-05-18,YKY,-1276.608589,27,DC,12696
2022-05-18,YKY,-1271.66879,169,DC,12697
2022-05-18,YKY,-1264.267381,16,DC,12698
2022-05-18,YKY,-1258.979476,13,DC,12699
2022-05-18,YKY,-1253.98166,21,DC,12700
2022-05-18,YKY,-1247.707453,27,DC,12701
2022-05-18,YKY,-1240.98568,18,DC,12702
2022-05-18,YKY,-1233.236165,17,DC,12703
2022-05-18,YKY,-1228.221772,19,DC,12704
2022-05-18,YKY,-1223.033326,27,DC,12705
2022-05-18,YKY,-1217.703982,169,DC,12706
2022-05-18,YKY,-1207.534296,3,DC,12707
2022-05-18,YKY,-1201.061171,21,DC,12708
2022-05-18,YKY,-1195.309124,5,DC,12709
2022-05-18,YKY,-1188.985188,16,DC,12710
2022-05-18,YKY,-1183.456924,5,DC,12711
2022-05-18,YKY,-1168.973204,21,DC,12712
2022-05-18,YKY,-1159.201355,27,DC,12713
2022-05-18,YKY,-1153.573631,169,DC,12714
2022-05-18,YKY,-1144.721778,8,DC,12715
2022-05-18,YKY,-1133.561647,18,DC,12716
2022-05-18,YKY,-1126.446184,1,DC,12717
2022-05-18,YKY,-1120.488902,19,DC,12718
2022-05-18,YKY,-1114.245876,27,DC,12719
2022-05-18,YKY,-1107.921941,20,DC,12720
2022-05-18,YKY,-1100.168281,1,DC,12721
2022-05-18,YKY,-1093.877487,9,DC,12722
2022-05-18,YKY,-1086.426348,18,DC,12723
2022-05-18,YKY,-1079.505658,27,DC,12724
2022-05-18,YKY,-1072.502085,169,DC,12725
2022-05-18,YKY,-1065.747159,17,DC,12726
2022-05-18,YKY,-1057.968635,8,DC,12727
2022-05-18,YKY,-1051.271721,1,DC,12728
2022-05-18,YKY,-1044.665984,18,DC,12729
2022-05-18,YKY,-1039.137719,19,DC,12730
2022-05-18,YKY,-1033.079008,27,DC,12731
2022-05-18,YKY,-1027.559026,17,DC,12732
2022-05-18,YKY,-1020.969865,1,DC,12733
2022-05-18,YKY,-1015.226106,169,DC,12734
2022-05-18,YKY,-1008.835864,27,DC,12735
2022-05-18,YKY,-1002.918052,21,DC,12736
2022-05-18,YKY,-996.8427631,5,DC,12737
2022-05-18,YKY,-989.2092832,16,DC,12738
2022-05-18,YKY,-982.4626464,1,DC,12739
2022-05-18,YKY,-975.3264611,18,DC,12740
2022-05-18,YKY,-966.3254195,27,DC,12741
2022-05-18,YKY,-958.2195086,21,DC,12742
2022-05-18,YKY,-951.3568356,19,DC,12743
2022-05-18,YKY,-943.6736262,169,DC,12744
2022-05-18,YKY,-931.945749,27,DC,12745
2022-05-18,YKY,-919.7951643,8,DC,12746
2022-05-18,YKY,-911.7224064,17,DC,12747
2022-05-18,YKY,-902.7793842,166,DC,12748
2022-05-18,YKY,-894.9967151,17,DC,12749
2022-05-18,YKY,-886.8742278,3,DC,12750
2022-05-18,YKY,-880.1193026,166,DC,12751
2022-05-18,YKY,-873.5715832,9,DC,12752
2022-05-18,YKY,-865.2004482,8,DC,12753
2022-05-18,YKY,-858.6195764,27,DC,12754
2022-05-18,YKY,-849.4196162,19,DC,12755
2022-05-18,YKY,-843.1288326,27,DC,12756
2022-05-18,YKY,-833.5973399,166,DC,12757
2022-05-18,YKY,-825.1101694,21,DC,12758
2022-05-18,YKY,-818.0734437,17,DC,12759
2022-05-18,YKY,-810.0835624,169,DC,12760
2022-05-18,YKY,-802.2345873,165,DC,12761
2022-05-18,YKY,-795.4299327,19,DC,12762
2022-05-18,YKY,-787.7052725,21,DC,12763
2022-05-18,YKY,-772.6621042,17,DC,12764
2022-05-18,YKY,-764.4608698,165,DC,12765
2022-05-18,YKY,-756.7225815,8,DC,12766
2022-05-18,YKY,-749.8735461,3,DC,12767
2022-05-18,YKY,-741.3034931,9,DC,12768
2022-05-18,YKY,-732.6008286,8,DC,12769
2022-05-18,YKY,-721.6934884,166,DC,12770
2022-05-18,YKY,-710.8856078,9,DC,12771
2022-05-18,YKY,-696.9530555,27,DC,12773
2022-05-18,YKY,-690.7534433,169,DC,12774
2022-05-18,YKY,-682.7386947,10,DC,12775
2022-05-18,YKY,-674.2515242,21,DC,12776
2022-05-18,YKY,-667.5463285,21,DC,12777
2022-05-18,YKY,-657.4015076,17,DC,12778
2022-05-18,YKY,-649.6851446,17,DC,12779
2022-05-18,YKY,-642.0765294,17,DC,12780
2022-05-18,YKY,-632.5284626,19,DC,12781
2022-05-18,YKY,-623.8506623,27,DC,12782
2022-05-18,YKY,-616.387091,19,DC,12783
2022-05-18,YKY,-610.0797325,17,DC,12784
2022-05-18,YKY,-600.1421179,9,DC,12785
2022-05-18,YKY,-592.7249113,8,DC,12786
2022-05-18,YKY,-583.3260331,3,DC,12787
2022-05-18,YKY,-576.3887664,166,DC,12788
2022-05-18,YKY,-564.6360244,3,DC,12789
2022-05-18,YKY,-556.8699325,166,DC,12790
2022-05-18,YKY,-545.8134037,27,DC,12791
2022-05-18,YKY,-530.107166,9,DC,12792
2022-05-18,YKY,-517.3018159,3,DC,12793
2022-05-18,YKY,-505.4081749,166,DC,12794
